,ip,isp,addr,dspeed,uspeed,ping,jitter,created
0,218.209.134.*,SK Broadband,"South Korea,Gyeonggi-do,Suwon",84.61,9.72,17.0,55.76,2022-05-23 23:32:44
1,218.209.134.*,SK Broadband,"South Korea,Gyeonggi-do,Suwon",16.43,7.13,193.7,4.38,2022-05-23 18:16:28
6,203.198.94.*,Netvigator,"Hong Kong,Central and Western District,Central",187.54,13.96,389.0,9.58,2022-05-09 12:06:27
10,61.227.176.*,Chunghwa Telecom,"Taiwan,Kaohsiung,Kaohsiung City",79.7,0.25,296.0,72.09,2022-05-07 01:22:21
13,91.243.81.*,MoreneHost,"Singapore,,Singapore",342.9,14.09,347.0,80.76,2022-05-06 01:18:54
21,103.152.112.*,Nato Research,"United States,California,Fremont",115.97,13.16,389.0,2.44,2022-05-02 10:12:44
28,103.152.112.*,Nato Research,"United States,California,Fremont",7.17,5.97,303.0,68.99,2022-05-01 18:11:30
31,103.166.246.*,Nanjing Echofa Precision Mould Manufacturing Co.,"China,,",335.39,16.08,387.0,4.87,2022-04-29 12:31:32
40,168.63.204.*,Microsoft Azure,"Hong Kong,Central and Western District,Central",33.69,11.06,309.0,30.22,2022-04-26 16:21:49
48,103.152.112.*,Nato Research,"United States,California,Fremont",7.66,4.13,383.0,7.23,2022-04-24 16:58:11
54,103.152.34.*,Aperture Science Limited,"Hong Kong,,",138.16,3.35,298.0,63.24,2022-04-22 12:00:04
58,185.200.34.*,DediPath,"United States,California,Los Angeles",48.25,11.82,338.0,57.94,2022-04-21 22:44:19
59,218.209.139.*,SK Broadband,"South Korea,Gyeonggi-do,Suwon",56.57,12.54,203.9,2.48,2022-04-20 13:21:35
60,8.37.43.*,Cloudflare Warp,"Japan,Tokyo,Tokyo",68.4,12.01,202.4,4.12,2022-04-19 22:25:18
62,218.209.139.*,SK Broadband,"South Korea,Gyeonggi-do,Suwon",55.69,11.97,196.2,2.04,2022-04-19 19:49:48
64,134.195.101.*,Nato Research,"United States,California,Fremont",360.06,16.6,271.0,10.91,2022-04-15 11:59:38
68,20.239.89.*,Microsoft Azure,"United States,,",312.87,16.78,256.0,49.77,2022-03-27 14:04:27
69,40.83.114.*,Microsoft Azure,"Hong Kong,Central and Western District,Central",35.61,40.45,284.0,80.69,2022-03-25 15:46:43
73,61.224.96.*,Chunghwa Telecom,"Taiwan,Changhua,Chang-hua",119.32,17.69,257.0,27.26,2022-03-21 20:05:30
74,1.164.224.*,Chunghwa Telecom,"Taiwan,Taipei City,Taipei",88.43,11.75,276.0,7.89,2022-03-07 18:38:38
76,147.182.237.*,Digital Ocean,"United States,California,Santa Clara",310.9,19.21,290.0,10.81,2022-03-01 13:29:34
80,18.162.143.*,Amazon.com,"Hong Kong,,",209.64,18.02,293.0,4.63,2022-02-20 10:48:54
82,18.162.149.*,Amazon.com,"Hong Kong,Central and Western District,Central",223.39,16.62,259.0,33.42,2022-02-17 15:09:54
88,18.162.47.*,Amazon.com,"Hong Kong,,",193.33,12.7,291.0,6.51,2022-02-14 16:31:07
89,18.162.110.*,Amazon.com,"Hong Kong,,",176.59,12.99,291.0,4.33,2022-02-14 16:30:34
92,18.162.116.*,Amazon.com,"Hong Kong,,",196.34,12.02,255.0,82.54,2022-02-14 16:29:30
94,18.162.52.*,Amazon.com,"Hong Kong,,",169.41,41.21,251.8,51.91,2022-02-14 16:28:49
97,42.3.28.*,Netvigator,"Hong Kong,Central and Western District,Central",47.94,1.7,389.0,388.09,2022-02-12 15:49:48
101,115.52.175.*,China Unicom,"China,Hubei,Wuhan",4.24,57.25,196.9,1.28,2022-02-07 23:47:27
102,1.197.162.*,China Telecom,"China,Henan,Nanyang",0.52,54.67,243.2,220.83,2022-02-07 23:33:01
109,20.187.67.*,Microsoft Azure,"Hong Kong,Central and Western District,Central",235.36,13.31,289.0,5.37,2021-12-25 16:44:54
111,13.75.51.*,Microsoft Azure,"Hong Kong,Central and Western District,Central",249.3,10.58,250.0,20.34,2021-12-23 16:02:08
112,140.83.52.*,Oracle Cloud,"Japan,Ōsaka,Osaka",47.7,33.09,366.2,29.01,2021-12-17 11:06:37
113,222.180.239.*,China Telecom,"China,,",10.98,29.18,239.3,181.06,2021-12-17 10:57:34
129,20.187.121.*,Microsoft Azure,"Hong Kong,Central and Western District,Central",250.27,9.23,250.0,181.76,2021-11-29 23:04:09
134,162.241.149.*,Unified Layer,"United States,,",35.91,0.29,287.0,5.61,2021-11-29 00:02:14
135,8.214.30.*,Alibaba,"Singapore,,",34.93,5.31,297.0,6.33,2021-11-29 00:01:28
154,137.184.89.*,Digital Ocean,"United States,California,Santa Clara",92.85,19.3,289.0,5.03,2021-11-22 20:50:30
162,20.187.67.*,Microsoft Azure,"Hong Kong,Central and Western District,Central",193.26,9.92,315.0,29.85,2021-11-22 20:43:54
164,20.187.66.*,Microsoft Azure,"Hong Kong,Central and Western District,Central",205.21,15.95,281.0,50.03,2021-11-22 20:25:57
175,61.227.240.*,Chunghwa Telecom,"Taiwan,Kaohsiung,Kaohsiung City",65.35,0.02,292.0,54.23,2021-11-17 13:18:15
193,61.227.240.*,Chunghwa Telecom,"Taiwan,Kaohsiung,Kaohsiung City",27.45,13.05,268.0,35.05,2021-11-17 10:43:54
195,220.181.41.*,CNISP Group,"China,,",3.37,8.65,189.9,2.9,2021-11-16 17:30:09
197,23.101.2.*,Microsoft Azure,"Hong Kong,Central and Western District,Central",251.07,15.42,285.0,11.32,2021-11-11 13:25:23
201,132.226.172.*,Oracle Cloud,"South Korea,Seoul,Seoul",51.11,17.44,236.0,0.23,2021-11-08 07:08:25
207,113.85.221.*,CHINATELECOM Guangdong province Chaozhou 5G networ,"China,Hunan,Changsha",335.88,28.43,196.6,0.69,2021-11-03 17:50:45
209,107.150.5.*,QuadraNet,"United States,California,Los Angeles",128.06,9.84,233.0,36.44,2021-11-02 20:07:25
213,66.187.6.*,HOSTODO,"United States,Florida,Miami",78.58,6.18,395.0,22.48,2021-10-29 18:30:16
214,113.102.35.*,CHINATELECOM Guangdong province Chaozhou 5G networ,"China,Guangdong,Zhaoqing",331.52,33.72,206.1,1.13,2021-10-29 11:19:12
215,107.150.5.*,QuadraNet,"United States,California,Los Angeles",96.62,4.67,287.0,4.95,2021-10-28 11:08:48
216,107.150.5.*,QuadraNet,"United States,California,Los Angeles",37.95,8.34,298.0,219.93,2021-10-26 00:27:19
220,107.150.5.*,QuadraNet,"United States,California,Los Angeles",81.32,7.59,394.0,49.28,2021-10-22 10:54:49
221,66.187.6.*,HOSTODO,"United States,Florida,Miami",36.72,7.25,390.0,15.05,2021-10-22 10:49:26
224,154.17.7.*,DMIT,"United States,California,Los Angeles",47.42,6.65,201.0,51.46,2021-10-18 23:41:28
232,107.150.5.*,QuadraNet,"United States,California,Los Angeles",197.61,21.81,224.0,43.82,2021-10-17 00:41:12
233,107.150.5.*,QuadraNet,"United States,California,Los Angeles",93.27,1.03,214.0,51.82,2021-10-13 13:31:28
237,113.85.221.*,CHINATELECOM Guangdong province Chaozhou 5G networ,"China,Hunan,Changsha",278.22,24.11,204.3,0.86,2021-10-11 12:30:43
242,107.150.5.*,QuadraNet,"United States,California,Los Angeles",10.36,3.84,288.0,32.28,2021-10-05 14:36:29
245,107.189.29.*,FranTech Solutions,"Luxembourg,Luxembourg,Luxembourg",28.0,1.13,361.0,4.49,2021-10-01 23:12:10
246,67.209.189.*,IT7 Networks,"United States,California,Los Angeles",28.49,8.97,213.0,1.45,2021-10-01 23:11:44
247,107.150.5.*,QuadraNet,"United States,California,Los Angeles",89.27,17.12,299.0,3.47,2021-10-01 18:40:10
250,107.150.5.*,QuadraNet,"United States,California,Los Angeles",95.39,21.2,219.0,46.38,2021-09-30 15:50:30
252,199.255.96.*,Multacom Corporation,"United States,,",25.25,20.0,220.0,50.42,2021-09-30 13:00:41
261,104.225.159.*,IT7 Networks Inc,"United States,California,Los Angeles",173.9,4.38,301.0,3.49,2021-09-24 16:16:04
266,104.225.159.*,IT7 Networks Inc,"United States,California,Los Angeles",141.15,19.1,207.0,1.5,2021-09-20 01:26:46
269,99.59.183.*,AT,"United States,California,Mountain View",344.23,293.93,46.3,8.14,2021-09-14 17:17:12
274,113.102.35.*,CHINATELECOM Guangdong province Chaozhou 5G networ,"China,Guangdong,Zhaoqing",290.33,28.37,202.9,0.8,2021-09-08 20:54:50
275,113.85.221.*,CHINATELECOM Guangdong province Chaozhou 5G networ,"China,Guangdong,Gaolong",236.06,26.1,198.3,1.14,2021-09-07 19:39:44
290,121.7.113.*,Singtel Fibre Broadband,"Singapore,,Singapore",222.52,13.54,333.0,18.25,2021-09-04 11:11:09
291,13.88.219.*,Microsoft Azure,"Hong Kong,Central and Western District,Central",33.55,49.08,237.4,3.81,2021-09-03 16:14:05
294,13.88.219.*,Microsoft Azure,"Hong Kong,Central and Western District,Central",90.93,43.18,229.9,26.89,2021-09-02 14:37:46
295,59.172.134.*,China Telecom,"China,Hubei,Wuhan",40.61,36.61,181.3,7.52,2021-09-02 12:38:14
296,104.225.159.*,IT7 Networks Inc,"United States,California,Los Angeles",129.4,14.57,227.0,1.78,2021-09-01 18:00:05
298,209.141.34.*,FranTech Solutions,"United States,Nevada,Las Vegas",49.09,1.82,308.0,76.95,2021-08-31 12:49:55
302,13.88.219.*,Microsoft Azure,"Hong Kong,Central and Western District,Central",36.1,12.26,232.0,18.26,2021-08-31 11:50:14
303,114.238.61.*,China Telecom,"China,Jiangsu,Huai&#39;an",18.05,8.99,196.0,40.47,2021-08-31 08:43:24
305,218.253.139.*,Hong Kong Broadband Network,"Hong Kong,Central and Western District,Central",9.91,2.4,343.0,60.2,2021-08-31 00:52:41
307,45.59.185.*,DMIT,"United States,California,Los Angeles",86.32,23.9,284.6,208.64,2021-08-30 23:11:24
309,18.162.49.*,Amazon.com,"Hong Kong,,",91.89,22.8,273.6,60.49,2021-08-30 22:00:36
311,18.163.41.*,Amazon.com,"Hong Kong,,",198.4,37.44,243.3,11.45,2021-08-30 21:58:06
312,123.139.94.*,China Unicom Liaoning,"China,Shaanxi,Xi&#39;an",4.96,5.1,295.0,106.99,2021-08-30 21:56:01
313,18.162.228.*,Amazon.com,"Hong Kong,,",9.94,8.03,283.0,35.32,2021-08-30 21:54:29
314,13.75.79.*,Microsoft Azure,"Hong Kong,Central and Western District,Central",63.77,6.68,221.0,54.82,2021-08-30 21:45:39
326,23.98.41.*,Microsoft Azure,"Hong Kong,Central and Western District,Central",174.85,19.39,228.0,1.51,2021-08-23 01:16:52
332,113.95.162.*,CHINATELECOM Guangdong province Chaozhou 5G networ,"China,Guangdong,Guangzhou",280.44,28.71,200.0,0.63,2021-08-20 17:03:04
338,204.124.181.*,Fiber-logic,"Netherlands,North Holland,Amsterdam",100.07,22.97,200.0,2.86,2021-08-10 03:23:09
343,59.18.143.*,Korea Telecom,"South Korea,Gyeonggi-do,Suwon",15.21,0.59,172.0,28.6,2021-08-09 12:13:15
344,23.83.224.*,IT7 Networks Inc,"United States,California,Fremont",130.61,13.11,226.0,22.23,2021-08-08 16:15:05
348,23.83.224.*,IT7 Networks Inc,"United States,California,Fremont",72.41,14.58,193.0,3.65,2021-07-27 18:06:57
351,36.142.191.*,China Mobile Guangdong,"China,Gansu,Lanzhou",161.23,35.88,241.3,0.85,2021-07-20 08:07:41
359,113.90.30.*,China Telecom,"China,Guangdong,Shenzhen",52.36,44.69,203.27,0.93,2021-07-10 14:46:14
361,67.230.165.*,IT7 Networks,"United States,California,Los Angeles",183.2,21.23,299.0,32.65,2021-07-05 18:49:28
363,23.83.224.*,IT7 Networks Inc,"United States,California,Fremont",110.16,12.16,221.0,72.39,2021-07-04 18:45:45
373,204.124.180.*,Fiber-logic,"Japan,Ōsaka,Osaka",33.39,0.44,269.0,29.37,2021-06-28 14:45:00
380,113.102.35.*,CHINATELECOM Guangdong province Chaozhou 5G networ,"China,Guangdong,Zhaoqing",121.33,13.93,214.3,8.25,2021-06-23 12:35:34
384,67.230.165.*,IT7 Networks,"United States,California,Los Angeles",155.24,18.62,211.0,49.55,2021-06-22 16:49:00
385,67.230.165.*,IT7 Networks,"United States,California,Los Angeles",1.03,0.75,212.0,64.04,2021-06-20 15:26:38
387,113.102.35.*,CHINATELECOM Guangdong province Chaozhou 5G networ,"China,Guangdong,Zhaoqing",125.5,20.02,202.7,0.66,2021-06-18 12:52:26
390,113.102.35.*,CHINATELECOM Guangdong province Chaozhou 5G networ,"China,Guangdong,Zhaoqing",154.74,14.98,192.1,1.26,2021-06-15 22:48:19
395,67.230.165.*,IT7 Networks,"United States,California,Los Angeles",165.67,22.15,299.0,3.69,2021-06-12 19:17:00
410,115.145.162.*,SungKyunKwan University (SKKU),"South Korea,Gyeonggi-do,Suwon",200.23,96.42,166.1,1.1,2021-06-10 16:43:06
415,113.102.35.*,CHINATELECOM Guangdong province Chaozhou 5G networ,"China,Guangdong,Guangzhou",93.23,18.13,199.6,0.45,2021-06-10 11:19:32
420,113.95.162.*,CHINATELECOM Guangdong province Chaozhou 5G networ,"China,Guangdong,Guangzhou",151.52,21.52,203.3,0.59,2021-06-06 23:52:02
422,113.95.162.*,CHINATELECOM Guangdong province Chaozhou 5G networ,"China,Guangdong,Guangzhou",144.14,20.36,210.1,0.82,2021-06-06 12:02:43
423,183.65.30.*,China Telecom,"China,Chongqing,Fuling",66.02,35.66,201.53,0.36,2021-06-04 13:41:08
424,113.102.35.*,CHINATELECOM Guangdong province Chaozhou 5G networ,"China,Guangdong,Guangzhou",158.66,21.4,217.8,1.01,2021-06-04 10:34:03
426,113.102.35.*,CHINATELECOM Guangdong province Chaozhou 5G networ,"China,Guangdong,Guangzhou",153.48,24.1,205.5,1.12,2021-06-03 19:38:05
429,18.140.70.*,Amazon.com,"Singapore,,Singapore",99.45,88.17,484.6,14.67,2021-06-02 22:45:24
430,111.252.193.*,Chunghwa Telecom,"Taiwan,Changhua,Chang-hua",117.46,4.81,727.7,253.53,2021-06-02 22:44:05
432,18.167.84.*,Amazon.com,"China,,",123.14,83.01,539.3,1589.1,2021-06-02 22:37:41
433,13.231.184.*,Amazon.com,"Japan,Tokyo,Tokyo",83.84,68.67,489.4,24.81,2021-06-02 22:31:59
434,111.252.193.*,Chunghwa Telecom,"Taiwan,Changhua,Chang-hua",112.68,16.76,301.9,2.47,2021-06-02 22:30:36
436,111.252.193.*,Chunghwa Telecom,"Taiwan,Changhua,Chang-hua",77.5,75.89,319.4,9.85,2021-06-02 20:54:37
437,204.124.180.*,Fiber-logic,"Japan,Ōsaka,Osaka",179.32,19.92,201.0,104.12,2021-05-31 19:16:22
439,113.95.162.*,CHINATELECOM Guangdong province Chaozhou 5G networ,"China,Guangdong,Guangzhou",151.12,21.61,195.8,0.4,2021-05-30 22:55:19
440,113.95.162.*,CHINATELECOM Guangdong province Chaozhou 5G networ,"China,Guangdong,Guangzhou",140.08,23.25,194.2,0.72,2021-05-30 21:13:05
441,222.137.0.*,China Unicom Liaoning,"China,Shanghai,Shanghai",55.98,47.59,219.0,9.28,2021-05-30 05:57:20
447,113.85.221.*,CHINATELECOM Guangdong province Chaozhou 5G networ,"China,Guangdong,Gaolong",135.16,20.69,204.15,1.06,2021-05-27 20:57:15
448,113.85.221.*,CHINATELECOM Guangdong province Chaozhou 5G networ,"China,Guangdong,Gaolong",120.84,19.18,207.4,0.68,2021-05-27 19:53:39
458,113.95.162.*,CHINATELECOM Guangdong province Chaozhou 5G networ,"China,Guangdong,Guangzhou",37.74,21.31,206.9,10.97,2021-05-24 23:07:20
460,59.18.143.*,Korea Telecom,"South Korea,Gyeonggi-do,Gyeonggi-do",22.84,6.27,169.63,2.24,2021-05-23 17:23:25
461,204.124.180.*,Fiber-logic,"Japan,Ōsaka,Osaka",100.18,16.32,229.0,22.93,2021-05-23 15:10:47
462,59.18.143.*,Korea Telecom,"South Korea,Gyeonggi-do,Gyeonggi-do",20.83,1.74,169.37,1.83,2021-05-23 06:22:21
463,67.230.165.*,IT7 Networks,"United States,California,Los Angeles",59.6,1.1,219.0,224.56,2021-05-22 23:49:22
465,67.230.165.*,IT7 Networks,"United States,California,Los Angeles",69.07,7.77,201.0,32.97,2021-05-21 22:06:43
469,218.17.162.*,China Telecom,"China,Guangdong,Guangzhou",73.57,100.79,202.14,1.99,2021-05-21 16:21:58
471,113.95.162.*,CHINATELECOM Guangdong province Chaozhou 5G networ,"China,Guangdong,Guangzhou",156.29,24.21,203.52,1.61,2021-05-19 22:04:00
472,113.95.162.*,CHINATELECOM Guangdong province Chaozhou 5G networ,"China,Guangdong,Guangzhou",149.63,22.92,200.12,0.84,2021-05-19 21:31:19
473,113.95.162.*,CHINATELECOM Guangdong province Chaozhou 5G networ,"China,Guangdong,Guangzhou",146.4,19.49,200.48,0.55,2021-05-19 21:13:55
475,113.95.162.*,CHINATELECOM Guangdong province Chaozhou 5G networ,"China,Guangdong,Guangzhou",471.3,69.67,205.8,0.38,2021-05-19 11:42:19
478,113.95.162.*,CHINATELECOM Guangdong province Chaozhou 5G networ,"China,Guangdong,Guangzhou",470.2,57.42,206.27,0.4,2021-05-19 10:35:20
480,113.95.162.*,CHINATELECOM Guangdong province Chaozhou 5G networ,"China,Guangdong,Guangzhou",5.64,77.09,212.3,306.32,2021-05-18 23:01:56
487,113.95.162.*,CHINATELECOM Guangdong province Chaozhou 5G networ,"China,Guangdong,Guangzhou",432.89,63.0,218.61,0.91,2021-05-18 18:36:56
489,113.95.162.*,CHINATELECOM Guangdong province Chaozhou 5G networ,"China,Guangdong,Guangzhou",295.77,68.51,201.83,0.4,2021-05-18 09:31:51
490,113.95.162.*,CHINATELECOM Guangdong province Chaozhou 5G networ,"China,Guangdong,Guangzhou",470.1,82.58,199.22,0.43,2021-05-18 09:03:08
491,113.102.35.*,CHINATELECOM Guangdong province Chaozhou 5G networ,"China,Guangdong,Guangzhou",45.44,18.18,208.5,11.05,2021-05-18 00:24:59
492,113.102.35.*,CHINATELECOM Guangdong province Chaozhou 5G networ,"China,Guangdong,Guangzhou",18.06,14.99,208.1,24.35,2021-05-17 23:23:24
493,113.102.35.*,CHINATELECOM Guangdong province Chaozhou 5G networ,"China,Guangdong,Guangzhou",143.93,14.27,206.98,3.39,2021-05-17 22:26:27
494,113.102.35.*,CHINATELECOM Guangdong province Chaozhou 5G networ,"China,Guangdong,Guangzhou",144.27,22.88,205.01,0.68,2021-05-17 19:28:51
500,36.237.41.*,Chunghwa Telecom,"Taiwan,Chiayi,Chiayi",92.4,25.14,186.2,101.66,2021-05-16 21:59:39
503,113.102.35.*,CHINATELECOM Guangdong province Chaozhou 5G networ,"China,Guangdong,Guangzhou",155.8,20.75,209.03,1.05,2021-05-16 10:57:37
504,183.65.30.*,China Telecom,"China,Chongqing,Fuling",64.97,32.79,215.07,0.48,2021-05-16 10:13:51
505,113.85.221.*,CHINATELECOM Guangdong province Chaozhou 5G networ,"China,Guangdong,Gaolong",113.76,20.99,215.67,0.59,2021-05-16 00:22:18
509,113.85.221.*,CHINATELECOM Guangdong province Chaozhou 5G networ,"China,Guangdong,Gaolong",131.8,18.92,220.04,0.99,2021-05-15 22:19:03
511,220.246.107.*,Netvigator,"Hong Kong,Central and Western District,Central",151.46,9.01,289.0,17.27,2021-05-15 10:29:32
518,113.85.221.*,CHINATELECOM Guangdong province Chaozhou 5G networ,"China,Guangdong,Gaolong",148.39,21.86,204.51,6.64,2021-05-14 20:45:04
532,101.32.186.*,Tencent cloud computing,"Hong Kong,Central and Western District,Central",37.62,2.66,265.0,28.09,2021-05-12 09:28:47
540,113.102.35.*,CHINATELECOM Guangdong province Chaozhou 5G networ,"China,Guangdong,Guangzhou",155.33,20.3,199.6,0.71,2021-05-11 19:56:02
547,141.98.215.*,EstNOC,"Philippines,Metro Manila,Manila",74.35,15.73,228.55,1.52,2021-05-10 20:38:06
554,204.124.180.*,Fiber-logic,"Japan,Ōsaka,Osaka",273.74,22.68,200.0,2.96,2021-05-10 08:33:17
562,113.85.221.*,CHINATELECOM Guangdong province Chaozhou 5G networ,"China,Guangdong,Gaoyao",139.43,19.16,218.69,12.87,2021-05-09 18:39:07
564,113.85.221.*,CHINATELECOM Guangdong province Chaozhou 5G networ,"China,Guangdong,Gaoyao",150.85,21.13,216.03,1.58,2021-05-09 11:59:48
575,36.237.7.*,Chunghwa Telecom,"Taiwan,Tainan,Tainan City",81.98,44.63,184.45,0.52,2021-05-08 21:44:30
576,36.237.3.*,Chunghwa Telecom,"Taiwan,Tainan,Tainan City",90.11,44.54,184.24,1.78,2021-05-08 11:30:50
577,36.237.52.*,Chunghwa Telecom,"Taiwan,Tainan,Tainan City",89.55,25.61,185.0,88.36,2021-05-08 11:21:35
578,36.237.3.*,Chunghwa Telecom,"Taiwan,Tainan,Tainan City",0.53,10.58,1217.42,182.36,2021-05-08 11:15:58
579,36.237.52.*,Chunghwa Telecom,"Taiwan,Tainan,Tainan City",97.45,25.12,183.28,1.15,2021-05-08 11:10:06
580,36.237.27.*,Chunghwa Telecom,"Taiwan,Chiayi,Chiayi",96.65,44.3,183.07,0.95,2021-05-08 11:06:12
585,42.77.137.*,Chunghwa Telecom,"Taiwan,Tainan,Tainan City",82.43,3.7,204.4,17.76,2021-05-07 18:20:15
586,36.237.52.*,Chunghwa Telecom,"Taiwan,Tainan,Tainan City",90.52,22.62,186.3,1.95,2021-05-07 17:26:20
587,36.237.5.*,Chunghwa Telecom,"Taiwan,Kaohsiung,Kaohsiung City",84.75,46.55,184.6,22.41,2021-05-07 17:25:42
588,219.128.144.*,China Telecom Guangdong province Guangzhou MAN net,"China,Guangdong,Guangzhou",35.18,0.7,199.71,16.35,2021-05-07 14:24:28
601,104.168.13.*,ColoCrossing,"United States,California,San Jose",91.41,37.3,698.9,57.96,2021-05-05 18:42:31
630,67.230.165.*,IT7 Networks,"United States,California,Los Angeles",172.48,18.63,205.0,88.3,2021-05-03 17:27:18
633,113.85.221.*,CHINATELECOM Guangdong province Chaozhou 5G networ,"China,Guangdong,Gaoyao",99.78,17.38,208.47,0.6,2021-05-03 11:15:56
634,113.85.221.*,CHINATELECOM Guangdong province Chaozhou 5G networ,"China,Guangdong,Gaoyao",148.26,19.65,206.92,0.66,2021-05-03 10:59:03
635,67.230.165.*,IT7 Networks,"United States,California,Los Angeles",107.0,24.48,299.0,4.29,2021-05-03 10:24:00
667,113.85.218.*,CHINATELECOM Guangdong province Chaozhou 5G networ,"China,Guangdong,Gaoyao",153.53,20.52,204.39,0.92,2021-04-30 11:36:47
670,113.85.218.*,CHINATELECOM Guangdong province Chaozhou 5G networ,"China,Guangdong,Gaoyao",145.09,15.48,202.5,1.9,2021-04-28 21:48:17
674,23.83.224.*,IT7 Networks Inc,"United States,California,Fremont",168.64,13.08,200.0,0.96,2021-04-28 09:07:04
676,113.102.16.*,CHINATELECOM Guangdong province Chaozhou 5G networ,"China,Shanghai,Shanghai",98.68,19.25,227.44,2.86,2021-04-27 23:56:14
677,113.102.16.*,CHINATELECOM Guangdong province Chaozhou 5G networ,"China,Shanghai,Shanghai",139.48,21.79,203.93,0.47,2021-04-27 12:06:41
678,219.129.195.*,CHINATELECOM Guangdong province Jieyang 5G network,"China,,",6.9,6.58,216.0,12.13,2021-04-27 11:27:43
680,113.102.16.*,CHINATELECOM Guangdong province Chaozhou 5G networ,"China,Shanghai,Shanghai",147.07,16.99,205.27,7.5,2021-04-27 10:29:32
685,120.235.42.*,China Mobile,"China,Guangdong,Foshan",1.47,9.67,257.32,5.28,2021-04-26 21:37:50
686,67.230.165.*,IT7 Networks,"United States,California,Los Angeles",78.17,11.68,253.0,197.29,2021-04-26 21:12:48
690,119.138.247.*,CHINATELECOM Guangdong province Shantou 5G network,"China,Guangdong,Guangzhou",40.08,64.55,210.15,0.72,2021-04-26 18:07:44
692,113.102.16.*,CHINATELECOM Guangdong province Chaozhou 5G networ,"China,Shanghai,Shanghai",149.28,23.01,198.25,0.85,2021-04-26 10:41:06
693,113.95.164.*,CHINATELECOM Guangdong province Chaozhou 5G networ,"China,,",166.0,20.58,201.45,0.58,2021-04-25 18:13:15
697,113.95.164.*,CHINATELECOM Guangdong province Chaozhou 5G networ,"China,,",155.2,16.7,205.98,0.32,2021-04-25 12:07:40
699,113.95.164.*,CHINATELECOM Guangdong province Chaozhou 5G networ,"China,,",10.18,24.89,203.77,1.16,2021-04-25 10:31:55
701,223.150.117.*,China Telecom,"China,Hunan,Changteh",92.68,25.44,227.81,2.33,2021-04-24 22:56:36
702,36.156.113.*,China Mobile,"China,,",2.17,5.83,306.25,19.79,2021-04-24 22:54:26
703,67.230.165.*,IT7 Networks,"United States,California,Los Angeles",125.04,5.86,203.0,51.19,2021-04-24 22:33:09
711,204.124.180.*,Fiber-logic,"Japan,Ōsaka,Osaka",132.33,13.45,211.0,79.79,2021-04-24 14:14:50
716,104.225.159.*,IT7 Networks Inc,"United States,California,Los Angeles",120.16,13.99,208.0,65.4,2021-04-24 11:00:31
719,113.95.164.*,CHINATELECOM Guangdong province Chaozhou 5G networ,"China,,",16.05,19.62,206.49,0.32,2021-04-24 09:43:42
720,113.95.164.*,CHINATELECOM Guangdong province Chaozhou 5G networ,"China,,",38.88,22.36,214.13,2.04,2021-04-24 09:42:32
723,46.102.209.*,ICUK Computing Services Limited,"United Kingdom,England,Newcastle upon Tyne",29.26,107.92,109.49,3.69,2021-04-24 02:10:41
725,104.225.159.*,IT7 Networks Inc,"United States,California,Los Angeles",72.75,13.13,302.0,0.98,2021-04-23 23:43:16
727,23.99.111.*,Microsoft Azure,"Hong Kong,Central and Western District,Central",115.74,11.81,305.0,72.71,2021-04-23 22:09:03
731,18.163.127.*,Amazon.com,"Hong Kong,Central and Western District,",97.19,14.31,300.0,269.86,2021-04-23 12:12:14
733,113.95.164.*,CHINATELECOM Guangdong province Chaozhou 5G networ,"China,,",151.23,20.06,209.6,1.24,2021-04-23 11:53:09
737,113.102.16.*,CHINATELECOM Guangdong province Chaozhou 5G networ,"China,Shanghai,Shanghai",143.64,23.39,219.28,1.36,2021-04-22 19:01:36
739,113.102.16.*,CHINATELECOM Guangdong province Chaozhou 5G networ,"China,Shanghai,Shanghai",147.61,22.67,196.77,0.57,2021-04-22 18:29:39
746,113.89.220.*,China Telecom,"China,Guangdong,Shenzhen",2.32,16.16,210.51,366.36,2021-04-21 21:43:34
749,219.131.84.*,CHINATELECOM Guangdong province Chaozhou 5G networ,"China,Guangdong,Gaoyao",157.95,18.5,200.9,0.56,2021-04-21 16:47:23
753,222.214.187.*,China Telecom,"China,Sichuan,Neijiang",123.98,53.13,222.37,1.43,2021-04-21 13:45:52
754,122.237.152.*,China Telecom,"China,Zhejiang,Shaoxing",19.78,3.27,176.94,9.46,2021-04-21 10:25:51
756,66.22.168.*,CIK Telecom,"Canada,Ontario,Brampton",53.04,8.12,45.12,1.85,2021-04-20 23:39:14
765,219.131.84.*,CHINATELECOM Guangdong province Chaozhou 5G networ,"China,Guangdong,Gaoyao",146.16,21.63,186.02,4.83,2021-04-20 10:47:11
767,45.137.237.*,Link Connectivity Limited,"United Kingdom,,",51.8,9.91,217.41,1.35,2021-04-19 16:45:49
776,115.145.162.*,SungKyunKwan University (SKKU),"South Korea,Gyeonggi-do,Suwon",284.9,90.5,175.98,1.21,2021-04-18 19:26:48
777,113.102.17.*,CHINATELECOM Guangdong province Chaozhou 5G networ,"China,Shanghai,Shanghai",103.49,10.34,202.2,131.18,2021-04-18 17:10:38
795,113.102.16.*,CHINATELECOM Guangdong province Chaozhou 5G networ,"China,Shanghai,Shanghai",132.04,22.18,202.21,0.53,2021-04-17 11:10:53
797,113.102.16.*,CHINATELECOM Guangdong province Chaozhou 5G networ,"China,Shanghai,Shanghai",120.48,21.56,192.13,5.12,2021-04-17 10:44:45
798,113.85.218.*,CHINATELECOM Guangdong province Chaozhou 5G networ,"China,Guangdong,Gaoyao",54.61,15.96,200.18,1.32,2021-04-17 10:41:45
801,112.96.37.*,China Unicom Guangzhou,"China,Guangdong,Guangzhou",3.93,2.76,325.0,230.01,2021-04-16 21:39:04
805,113.85.218.*,CHINATELECOM Guangdong province Chaozhou 5G networ,"China,Guangdong,Gaoyao",140.82,16.59,205.74,0.41,2021-04-16 10:54:04
806,113.85.218.*,CHINATELECOM Guangdong province Chaozhou 5G networ,"China,Guangdong,Gaoyao",95.84,21.48,197.34,0.96,2021-04-16 10:40:49
808,117.89.53.*,China Telecom,"China,Jiangsu,Nanjing",0.94,44.94,182.44,734.32,2021-04-15 22:45:56
809,113.95.165.*,CHINATELECOM Guangdong province Chaozhou 5G networ,"China,,",143.52,22.01,199.51,0.52,2021-04-15 18:21:54
810,219.144.210.*,China Telecom,"China,Shaanxi,Xi&#39;an",0.8,8.11,201.6,146.12,2021-04-15 17:17:07
811,122.97.174.*,China Unicom Liaoning,"China,Beijing,Beijing",4.29,3.9,282.63,11.75,2021-04-15 07:58:34
812,112.224.32.*,China Unicom Liaoning,"China,Beijing,Beijing",96.99,19.15,251.0,8.54,2021-04-15 07:54:51
813,194.39.205.*,Webhosting24 GmbH,"Germany,Bavaria,Munich",290.35,89.76,342.75,0.82,2021-04-14 23:02:16
820,125.88.153.*,China Telecom Guangdong,"China,,",0.93,10.39,206.0,301.2,2021-04-12 21:22:54
821,219.131.84.*,CHINATELECOM Guangdong province Chaozhou 5G networ,"China,Guangdong,Guangzhou",147.2,19.49,205.97,0.3,2021-04-12 18:46:44
823,219.131.84.*,CHINATELECOM Guangdong province Chaozhou 5G networ,"China,Guangdong,Guangzhou",151.62,18.94,213.15,4.56,2021-04-12 14:09:17
825,219.131.84.*,CHINATELECOM Guangdong province Chaozhou 5G networ,"China,Guangdong,Guangzhou",146.4,20.13,214.46,0.52,2021-04-12 11:32:15
826,219.131.84.*,CHINATELECOM Guangdong province Chaozhou 5G networ,"China,Guangdong,Guangzhou",89.09,18.23,191.75,5.25,2021-04-11 20:15:17
827,207.46.229.*,Microsoft Azure,"Singapore,,Singapore",80.47,4.36,346.0,303.73,2021-04-11 12:41:28
829,128.199.204.*,DigitalOcean,"Singapore,,Singapore",128.49,68.13,269.19,0.78,2021-04-11 07:57:45
830,113.116.132.*,China Telecom,"China,Guangdong,Shenzhen",24.73,51.03,214.72,255.45,2021-04-10 23:08:48
831,115.192.50.*,China Telecom,"China,Zhejiang,Hangzhou",12.78,5.3,200.51,1.14,2021-04-10 22:29:52
832,58.249.110.*,China Unicom Guangzhou,"China,Guangdong,Guangzhou",38.45,2.1,242.74,12.46,2021-04-10 21:33:15
833,116.237.111.*,China Telecom Shanghai,"China,Shanghai,Shanghai",29.04,15.88,193.26,4.13,2021-04-10 19:15:29
838,52.175.22.*,Microsoft Azure,"Hong Kong,Central and Western District,Central",262.03,30.37,220.1,39.8,2021-04-09 21:16:00
839,219.131.85.*,CHINATELECOM Guangdong province Chaozhou 5G networ,"China,Guangdong,Gaoyao",128.47,20.64,190.66,0.99,2021-04-09 21:11:52
840,219.131.85.*,CHINATELECOM Guangdong province Chaozhou 5G networ,"China,Guangdong,Gaoyao",130.7,18.86,193.94,0.59,2021-04-09 21:05:49
842,219.131.85.*,CHINATELECOM Guangdong province Chaozhou 5G networ,"China,Guangdong,Gaoyao",116.75,22.7,194.73,286.64,2021-04-09 20:25:49
845,219.131.85.*,CHINATELECOM Guangdong province Chaozhou 5G networ,"China,Guangdong,Gaoyao",140.03,21.64,190.93,0.89,2021-04-09 12:19:09
846,223.214.183.*,China Telecom,"China,Shanghai,Shanghai",489.62,113.02,170.83,0.91,2021-04-09 12:04:19
847,219.131.85.*,CHINATELECOM Guangdong province Chaozhou 5G networ,"China,Guangdong,Gaoyao",129.65,18.19,193.26,1.52,2021-04-09 11:20:18
848,219.131.85.*,CHINATELECOM Guangdong province Chaozhou 5G networ,"China,Guangdong,Gaoyao",115.58,20.42,189.59,0.79,2021-04-09 11:16:32
849,112.111.24.*,China Unicom Liaoning,"China,Fujian,Fuzhou",2.77,3.18,243.15,8.25,2021-04-09 10:43:13
851,65.49.222.*,IT7 Networks,"United States,California,Los Angeles",332.69,41.68,216.2,22.19,2021-04-08 22:15:51
852,60.166.20.*,China Telecom,"China,Anhui,Hefei",55.38,104.44,194.55,0.54,2021-04-08 15:47:41
853,120.37.164.*,China Telecom,"China,Fujian,Quanzhou",9.02,4.61,225.5,222.56,2021-04-08 14:12:15
854,117.150.100.*,China Mobile Guangdong,"China,Hubei,Shiyan",5.8,7.84,276.5,6.97,2021-04-08 11:53:04
856,221.225.100.*,China Telecom,"China,Zhejiang,Jiaxing",1.98,9.11,199.48,2.5,2021-04-07 22:07:29
857,219.131.85.*,CHINATELECOM Guangdong province Chaozhou 5G networ,"China,Guangdong,Gaoyao",140.66,23.49,199.67,0.68,2021-04-07 17:31:51
859,61.53.81.*,China Unicom Liaoning,"China,Henan,Kaifeng",54.86,10.61,198.5,3.83,2021-04-07 14:05:27
860,36.62.249.*,China Telecom,"China,Jiangsu,Nanjing",9.89,10.08,197.31,15.67,2021-04-07 10:59:22
861,113.88.106.*,China Telecom,"China,Guangdong,Shenzhen",2.37,6.89,197.44,299.42,2021-04-06 23:47:15
862,180.139.117.*,China Telecom,"China,Guangxi,Nanning",1.05,5.9,206.1,11.87,2021-04-06 23:22:06
863,175.152.221.*,China Unicom Liaoning,"China,Sichuan,Chengdu",4.61,16.78,267.1,58.76,2021-04-06 23:03:33
864,113.89.193.*,China Telecom,"China,Guangdong,Shenzhen",4.34,1.55,203.55,76.11,2021-04-06 22:48:56
866,115.197.138.*,China Telecom,"China,Zhejiang,Hangzhou",17.86,14.08,194.32,201.18,2021-04-06 21:47:39
867,101.83.225.*,China Telecom Shanghai,"China,Shanghai,Shanghai",77.91,134.49,172.68,10.7,2021-04-06 21:05:00
868,219.131.85.*,CHINATELECOM Guangdong province Chaozhou 5G networ,"China,Guangdong,Gaoyao",139.52,13.88,209.45,0.39,2021-04-06 19:42:36
870,1.204.19.*,China Telecom,"China,Guizhou,Guiyang",8.39,24.76,254.05,22.74,2021-04-06 17:53:39
871,116.235.15.*,China Telecom Shanghai,"China,Shanghai,Shanghai",155.29,166.9,193.06,7.15,2021-04-06 17:00:39
875,219.131.85.*,CHINATELECOM Guangdong province Chaozhou 5G networ,"China,Guangdong,Gaoyao",29.78,19.07,202.1,56.11,2021-04-06 14:18:22
878,219.131.85.*,CHINATELECOM Guangdong province Chaozhou 5G networ,"China,Guangdong,Gaoyao",127.34,20.68,193.09,4.65,2021-04-06 11:36:38
880,219.131.85.*,CHINATELECOM Guangdong province Chaozhou 5G networ,"China,Guangdong,Gaoyao",167.02,15.88,193.37,0.65,2021-04-06 11:25:34
882,219.131.85.*,CHINATELECOM Guangdong province Chaozhou 5G networ,"China,Guangdong,Gaoyao",10.54,16.93,198.8,5.53,2021-04-06 10:52:58
883,219.131.85.*,CHINATELECOM Guangdong province Chaozhou 5G networ,"China,Guangdong,Gaoyao",12.09,16.98,198.3,60.37,2021-04-06 10:51:37
884,113.95.164.*,CHINATELECOM Guangdong province Chaozhou 5G networ,"China,,",120.66,15.06,196.87,0.31,2021-04-06 10:25:44
885,124.160.193.*,China Unicom Liaoning,"China,Zhejiang,Hangzhou",14.38,115.71,272.64,50.53,2021-04-06 09:59:05
886,183.129.222.*,China Telecom,"China,Zhejiang,Hangzhou",17.86,96.01,176.96,0.47,2021-04-06 09:56:55
888,113.95.164.*,CHINATELECOM Guangdong province Chaozhou 5G networ,"China,,",12.7,12.98,209.9,23.18,2021-04-06 09:32:22
889,183.157.12.*,China Telecom,"China,Zhejiang,Zhuji",212.11,35.42,192.14,6.58,2021-04-06 08:48:30
890,124.130.139.*,China Unicom Liaoning,"China,,",58.77,95.92,235.41,0.39,2021-04-06 08:27:02
891,124.236.238.*,China Telecom,"China,Beijing,Beijing",82.86,19.07,185.4,1.23,2021-04-06 08:14:19
894,182.123.98.*,China Unicom Liaoning,"China,Henan,Zhengzhou",54.41,6.09,196.82,0.94,2021-04-06 00:58:31
897,8.20.127.*,Cloudflare Warp,"Germany,Hesse,Frankfurt am Main",11.25,7.77,559.73,201.14,2021-04-05 23:56:12
898,119.129.98.*,China Telecom Guangdong province Guangzhou MAN net,"China,Guangdong,Guangzhou",0.69,32.74,223.0,50.52,2021-04-05 23:02:25
899,80.251.209.*,Fiber-logic,"United States,California,Los Angeles",85.71,17.11,197.49,346.84,2021-04-05 22:39:07
903,175.0.214.*,China Telecom,"China,Hunan,Furong",0.82,11.95,229.0,547.12,2021-04-05 22:17:28
905,219.144.255.*,China Telecom,"China,Shaanxi,Xi&#39;an",0.78,10.67,212.63,0.64,2021-04-05 22:01:16
906,110.245.37.*,China Unicom Liaoning,"China,Hebei,Yaocheng",4.22,24.41,223.0,30.84,2021-04-05 21:56:49
907,124.93.248.*,China Unicom Liaoning,"China,Beijing,Beijing",0.6,0.47,221.02,152.11,2021-04-05 21:41:12
908,223.166.141.*,China Unicom Shanghai,"China,Shanghai,Shanghai",36.66,24.8,205.39,54.15,2021-04-05 21:40:31
911,120.230.99.*,China Mobile,"China,Guangdong,Guangzhou",80.47,14.18,205.3,37.11,2021-04-05 21:12:21
912,114.250.229.*,China Unicom Beijing,"China,Beijing,Beijing",40.13,36.24,184.8,4.55,2021-04-05 21:01:35
916,223.214.183.*,China Telecom,"China,Shanghai,Shanghai",445.46,82.75,183.53,0.92,2021-04-05 20:38:48
917,202.114.66.*,China Education and Research Network Center,"China,Hubei,Wuhan",93.45,48.38,426.87,2.43,2021-04-05 20:37:41
918,222.182.120.*,China Telecom,"China,Chongqing,Chongqing",77.13,26.46,222.0,3.95,2021-04-05 20:29:19
919,173.82.114.*,Multacom Corporation,"United States,,",43.49,2.48,723.0,43.0,2021-04-05 20:28:20
920,113.82.131.*,China Telecom,"China,Guangdong,Guangzhou",68.91,17.87,203.69,6.17,2021-04-05 20:26:02
921,101.86.183.*,China Telecom Shanghai,"China,Shanghai,Shanghai",18.09,23.6,194.62,334.91,2021-04-05 20:19:29
923,117.140.102.*,China Mobile Guangdong,"China,Shanghai,Shanghai",1.75,57.25,215.44,421.39,2021-04-05 20:16:25
924,58.209.233.*,China Telecom,"China,,",45.27,41.79,183.12,0.99,2021-04-05 20:15:37
925,58.32.35.*,China Telecom Shanghai,"China,Shanghai,Shanghai",99.96,148.97,219.5,1.63,2021-04-05 20:15:01
929,113.85.219.*,CHINATELECOM Guangdong province Chaozhou 5G networ,"China,Guangdong,Gaoyao",83.58,20.14,192.53,6.18,2021-04-05 18:48:12
930,113.85.219.*,CHINATELECOM Guangdong province Chaozhou 5G networ,"China,Guangdong,Gaoyao",79.48,17.48,194.47,1.34,2021-04-05 18:33:13
932,113.102.17.*,CHINATELECOM Guangdong province Chaozhou 5G networ,"China,Shanghai,Shanghai",10.89,23.51,213.5,23.44,2021-04-05 18:06:51
933,218.93.10.*,China Telecom,"China,,",76.86,27.28,177.15,1.96,2021-04-05 15:46:53
934,222.65.69.*,China Telecom Shanghai,"China,Shanghai,Datong",64.55,8.28,173.47,2.81,2021-04-05 15:44:00
935,123.117.35.*,China Unicom Beijing,"China,Beijing,Beijing",147.09,31.42,213.6,20.63,2021-04-05 14:54:34
939,222.125.39.*,ShenZhen Topway Video Communication Co.,"China,Guangdong,Shenzhen",54.9,17.02,223.9,49.91,2021-04-05 11:49:26
940,222.125.39.*,ShenZhen Topway Video Communication Co.,"China,Guangdong,Shenzhen",32.82,8.87,264.4,61.5,2021-04-05 11:40:41
943,219.144.169.*,China Telecom,"China,Beijing,Beijing",8.43,44.14,259.0,40.51,2021-04-05 08:31:33
944,60.178.91.*,China Telecom,"China,Shanghai,Shanghai",1.49,19.34,209.98,1.46,2021-04-04 22:58:22
945,13.112.249.*,Amazon.com,"Japan,Tokyo,Tokyo",16.33,27.36,379.47,27.77,2021-04-04 22:40:44
946,112.229.0.*,China Unicom Liaoning,"China,Shandong,Jinan",36.66,28.96,212.53,3.86,2021-04-04 21:48:00
947,120.81.189.*,China Unicom Guangdong,"China,,",125.29,21.05,244.45,0.43,2021-04-04 19:44:19
948,59.56.233.*,China Telecom,"China,Fujian,Quanzhou",61.85,22.13,207.0,46.15,2021-04-04 19:42:25
949,121.60.85.*,China Telecom,"China,Hubei,Wuhan",91.61,23.36,211.0,0.73,2021-04-04 19:13:29
951,39.189.48.*,China Mobile,"China,Zhejiang,Ningbo",22.14,22.11,277.0,6.21,2021-04-04 19:04:33
952,117.27.96.*,China Telecom,"China,Fujian,Longyan",33.7,15.24,205.37,1607.22,2021-04-04 18:38:28
954,222.206.18.*,China Education and Research Network Center,"China,Shanghai,Shanghai",32.0,34.58,219.32,1.34,2021-04-04 17:44:49
956,219.144.169.*,China Telecom,"China,Beijing,Beijing",1.53,28.08,267.0,30.99,2021-04-04 16:59:04
957,193.105.207.*,Tianhai InfoTech,"United States,,",28.2,45.5,302.0,48.62,2021-04-04 16:56:15
961,58.212.72.*,China Telecom,"China,,",282.48,9.95,227.48,1.13,2021-04-04 15:46:08
962,223.166.141.*,China Unicom Shanghai,"China,Shanghai,Shanghai",52.15,26.55,221.75,42.27,2021-04-04 15:41:21
963,119.36.254.*,China Unicom Liaoning,"China,Hubei,Wujiashan",130.9,17.02,206.49,2.44,2021-04-04 15:40:33
964,119.121.93.*,China Telecom,"China,,",429.7,68.76,217.73,1.31,2021-04-04 15:34:19
966,110.178.48.*,China Telecom,"China,,",1.74,36.5,207.26,2.59,2021-04-04 15:33:00
967,112.120.127.*,Netvigator,"Hong Kong,Central and Western District,Central",135.84,49.36,195.55,2.33,2021-04-04 15:32:13
968,18.162.243.*,Amazon.com,"Hong Kong,,",181.96,83.07,237.43,1.52,2021-04-04 15:30:25
971,113.14.218.*,China Telecom,"China,Shanghai,Shanghai",0.34,7.2,216.0,862.22,2021-04-04 15:23:37
972,61.164.34.*,China Telecom,"China,Zhejiang,Hangzhou",5.13,17.57,175.69,1.14,2021-04-04 15:23:22
973,112.120.127.*,Netvigator,"Hong Kong,Central and Western District,Central",161.23,20.01,196.0,1.27,2021-04-04 15:22:31
975,113.77.42.*,China Telecom Guangdong province Dongguan MAN netw,"China,Guangdong,Dongguan",6.29,20.99,199.33,117.64,2021-04-04 15:20:36
976,113.83.71.*,CHINATELECOM Guangdong province Shaoguan 5G networ,"China,Guangdong,Huizhou",2.12,9.43,200.9,6.2,2021-04-04 15:20:20
977,144.255.139.*,China Telecom,"China,Beijing,Beijing",81.09,34.83,182.54,1.45,2021-04-04 15:20:05
978,122.227.195.*,China Telecom,"China,,",14.73,15.75,191.28,1.83,2021-04-04 15:19:47
979,38.106.22.*,Iptelecom Asia,"United States,,",126.43,45.77,215.9,61.97,2021-04-04 15:18:30
982,115.192.186.*,China Telecom,"China,Zhejiang,Hangzhou",61.85,33.46,171.53,2.2,2021-04-04 15:16:36
983,183.161.10.*,China Telecom,"China,Shanghai,Shanghai",80.28,12.33,182.6,8.42,2021-04-04 15:16:12
985,103.25.58.*,Host Universal Pty,"Australia,New South Wales,Sydney",105.04,71.82,368.65,1.63,2021-04-04 15:07:25
986,111.225.152.*,China Telecom,"China,Guangdong,Shenzhen",0.32,35.28,225.0,689.07,2021-04-04 15:07:00
987,94.207.71.*,Emirates Integrated Telecommunications Company PJS,"United Arab Emirates,Dubai,Dubai",383.94,45.65,227.33,0.4,2021-04-04 15:04:44
990,221.219.105.*,China Unicom Beijing,"China,Beijing,Beijing",24.64,27.94,270.0,20.79,2021-04-04 14:58:26
991,114.249.195.*,China Unicom Beijing,"China,Beijing,Beijing",70.01,29.83,210.89,3.92,2021-04-04 14:56:29
992,198.55.120.*,QuadraNet,"United States,California,Los Angeles",141.72,38.72,267.0,43.54,2021-04-04 14:56:24
993,173.217.177.*,Suddenlink Communications,"United States,Louisiana,Alexandria",86.27,33.27,33.3,151.11,2021-04-04 14:55:51
994,58.243.172.*,China Unicom Liaoning,"China,Anhui,Fuyang",5.51,26.48,209.93,20.68,2021-04-04 14:54:50
995,193.122.122.*,Oracle Cloud,"South Korea,Seoul,Seoul",47.8,74.66,231.0,21.93,2021-04-04 14:54:46
997,140.238.39.*,Oracle Cloud,"Japan,Tokyo,Tokyo",48.83,21.06,268.67,21.25,2021-04-04 14:54:06
999,18.162.56.*,Amazon.com,"Hong Kong,,",192.98,32.31,445.34,31.43,2021-04-04 14:49:59
1000,58.62.30.*,China Telecom Guangdong province Guangzhou MAN net,"China,Guangdong,Baiyun",3.3,0.04,186.62,7.96,2021-04-04 14:14:35
1001,60.215.208.*,China Unicom Liaoning,"China,Shandong,Yantai",71.35,73.68,218.4,7.0,2021-04-04 14:12:34
1003,113.83.18.*,CHINATELECOM Guangdong province Shaoguan 5G networ,"China,Guangdong,Huizhou",1.97,28.88,195.86,5.07,2021-04-04 14:11:45
1004,116.25.38.*,China Telecom,"China,Guangdong,Shenzhen",6.85,8.54,196.07,121.01,2021-04-04 14:08:23
1006,115.59.166.*,China Unicom Liaoning,"China,Henan,Sanmenxia",62.07,24.85,200.07,0.61,2021-04-04 13:41:43
1007,112.5.201.*,China Mobile Guangdong,"China,Fujian,Xiamen",2.51,23.09,216.26,1.83,2021-04-04 13:28:58
1008,140.82.13.*,"Choopa, LLC","United States,New Jersey,Piscataway",52.5,55.94,289.34,20.06,2021-04-04 13:26:06
1009,180.127.27.*,China Telecom,"China,Jiangsu,Xinpu",5.91,49.34,191.27,0.66,2021-04-04 13:24:33
1011,58.32.35.*,China Telecom Shanghai,"China,Shanghai,Shanghai",374.9,9.96,204.4,0.27,2021-04-04 13:22:40
1012,173.82.202.*,Multacom Corporation,"United States,,",156.58,14.02,365.21,15.86,2021-04-04 13:20:54
1013,183.53.28.*,China Telecom,"China,Guangdong,Guangzhou",15.41,32.23,197.25,3.94,2021-04-04 13:20:54
1014,174.139.46.*,Krypt Technologies,"United States,Oregon,Portland",68.81,15.57,250.05,2.55,2021-04-04 13:20:24
1015,112.47.112.*,China Mobile Guangdong,"China,Fujian,Jinjiang",1.19,21.7,244.67,287.14,2021-04-04 13:20:17
1018,223.167.121.*,China Unicom Shanghai,"China,Shanghai,Songjiang",259.18,41.13,243.98,2.15,2021-04-04 13:17:08
1019,42.94.69.*,China Telecom,"China,Gansu,Dongwan",1.33,8.36,205.71,407.98,2021-04-04 13:15:40
1020,119.28.4.*,Tencent cloud computing,"Hong Kong,Central and Western District,Central",35.19,21.03,273.0,2.93,2021-04-04 13:14:48
1021,202.114.66.*,China Education and Research Network Center,"China,Hubei,Wuhan",41.95,55.86,213.82,0.58,2021-04-04 13:10:25
1023,182.150.123.*,China Telecom,"China,Sichuan,Chengdu",99.95,244.91,223.25,6.65,2021-04-04 13:06:33
1024,52.175.33.*,Microsoft Azure,"Hong Kong,Central and Western District,Central",242.71,61.7,235.55,80.16,2021-04-04 13:05:53
1025,117.67.169.*,China Telecom,"China,Jilin,Changchun",211.44,22.68,189.25,0.84,2021-04-04 12:59:31
1026,74.211.97.*,IT7 Networks,"United States,California,Los Angeles",190.99,42.99,178.89,0.94,2021-04-04 12:56:30
1027,171.221.146.*,China Telecom,"China,Sichuan,Chengdu",74.29,17.57,217.73,6.88,2021-04-04 12:51:11
1030,113.88.218.*,China Telecom,"China,Guangdong,Shenzhen",60.41,20.75,205.07,118.2,2021-04-04 12:03:55
1032,27.25.55.*,China Telecom,"China,Hubei,Wuhan",15.26,27.15,209.77,5.82,2021-04-04 11:20:18
1033,60.176.45.*,China Telecom,"China,Zhejiang,Fangjiatang",9.44,15.74,189.4,75.42,2021-04-04 10:48:30
1034,117.175.124.*,China Mobile Guangdong,"China,Sichuan,Chengdu",2.73,93.19,247.13,232.88,2021-04-04 10:11:56
1035,222.85.92.*,China Telecom,"China,Henan,Zhengzhou",1.78,46.72,205.0,112.2,2021-04-04 10:06:11
1036,112.103.48.*,China Telecom,"China,Heilongjiang,Harbin",1.27,4.58,235.17,11.43,2021-04-04 10:03:07
1037,106.114.41.*,China Telecom,"China,Hebei,Shijiazhuang",2.34,15.35,201.9,304.11,2021-04-04 09:56:06
1038,121.35.182.*,China Telecom,"China,Guangdong,Shenzhen",27.16,107.56,203.23,0.86,2021-04-04 09:38:55
1040,117.175.124.*,China Mobile Guangdong,"China,Sichuan,Chengdu",66.58,66.4,248.77,0.39,2021-04-04 09:07:08
1041,223.88.59.*,"Henan Mobile Communications Co.,Ltd","China,Beijing,Beijing",4.13,28.46,226.79,2.87,2021-04-04 08:56:02
1043,101.80.181.*,China Telecom Shanghai,"China,Shanghai,Shanghai",18.09,29.5,199.0,4.31,2021-04-04 08:30:46
1044,59.57.183.*,China Telecom,"China,Fujian,Xiamen",150.08,13.76,214.0,8.26,2021-04-04 08:30:26
1045,150.109.12.*,Tencent cloud computing,"Singapore,,Singapore",35.52,16.69,297.0,74.56,2021-04-04 08:29:56
1047,117.175.124.*,China Mobile Guangdong,"China,Sichuan,Chengdu",14.26,85.57,270.7,26.33,2021-04-04 08:23:35
1048,1.85.152.*,China Telecom,"China,Shaanxi,Xianyang",3.03,23.02,240.1,22.72,2021-04-04 08:11:56
1049,111.194.44.*,China Unicom Beijing,"China,Beijing,Beijing",41.34,19.63,207.0,2.15,2021-04-04 08:01:55
1050,45.130.147.*,LLC Baxet,"Russia,,",60.44,18.52,298.1,48.46,2021-04-04 08:00:45
1052,202.195.225.*,China Education and Research Network Center,"China,,",15.58,22.7,225.2,44.35,2021-04-04 07:35:56
1053,140.238.38.*,Oracle Cloud,"Japan,Tokyo,Tokyo",42.51,26.15,247.0,10.95,2021-04-04 07:17:03
1054,61.51.157.*,China Unicom Beijing,"China,Beijing,Beijing",86.64,12.15,209.0,61.75,2021-04-04 07:14:14
1055,123.117.34.*,China Unicom Beijing,"China,Beijing,Beijing",58.83,46.5,234.6,42.19,2021-04-04 07:12:16
1056,119.162.140.*,China Unicom Liaoning,"China,Shandong,Jinan",25.25,38.74,214.2,642.0,2021-04-04 07:09:47
1057,218.80.114.*,China Telecom Shanghai,"China,,",53.27,71.94,205.99,4.6,2021-04-04 07:04:43
1058,112.32.2.*,China Mobile Guangdong,"China,Anhui,Hefei",105.45,11.23,210.58,0.62,2021-04-04 03:05:05
1059,220.202.133.*,China Unicom Liaoning,"China,Beijing,Beijing",17.94,40.12,231.6,28.95,2021-04-04 03:01:19
1060,113.90.25.*,China Telecom,"China,Guangdong,Shenzhen",1.33,23.46,203.1,303.8,2021-04-04 02:42:20
1063,27.17.165.*,China Telecom,"China,Hubei,Wuhan",56.93,34.17,211.7,63.9,2021-04-04 02:33:46
1064,120.229.48.*,China Mobile,"China,Guangdong,Shenzhen",82.57,26.72,206.75,7.42,2021-04-04 02:13:06
1065,116.27.121.*,China Telecom Guangdong province Yuedong MAN netwo,"China,Guangdong,Guangzhou",3.54,28.27,196.1,7.12,2021-04-04 02:05:20
1066,49.52.98.*,China Education and Research Network Center,"China,,",23.8,14.27,236.2,134.42,2021-04-04 01:09:04
1067,111.20.225.*,China Mobile Guangdong,"China,Shaanxi,Yulin",0.52,54.01,247.5,1.96,2021-04-04 00:47:05
1068,111.194.44.*,China Unicom Beijing,"China,Beijing,Beijing",43.59,15.86,208.7,64.64,2021-04-04 00:46:32
1069,60.177.33.*,China Telecom,"China,Zhejiang,Hangzhou",125.52,212.48,187.24,42.23,2021-04-04 00:43:03
1070,113.88.139.*,China Telecom,"China,Guangdong,Shenzhen",0.31,0.11,207.25,1571.89,2021-04-04 00:42:49
1072,113.88.139.*,China Telecom,"China,Guangdong,Shenzhen",0.22,1.72,207.91,816.88,2021-04-04 00:41:40
1073,222.206.18.*,China Education and Research Network Center,"China,Shanghai,Shanghai",30.02,29.04,219.12,9.56,2021-04-04 00:41:20
1074,54.254.232.*,Amazon.com,"Singapore,,Singapore",163.15,9.49,392.94,239.02,2021-04-04 00:36:45
1075,123.139.60.*,China Unicom Liaoning,"China,Shaanxi,Xi&#39;an",1.31,51.11,300.0,17.82,2021-04-04 00:20:50
1076,123.139.60.*,China Unicom Liaoning,"China,Shaanxi,Xi&#39;an",4.19,19.97,299.3,11.21,2021-04-04 00:19:34
1077,113.90.92.*,China Telecom,"China,Guangdong,Shenzhen",0.65,20.42,204.25,121.02,2021-04-04 00:18:20
1081,220.168.85.*,China Telecom,"China,Hunan,Changsha",0.44,7.48,230.97,596.12,2021-04-04 00:06:54
1082,112.10.81.*,China Mobile,"China,Zhejiang,Hangzhou",82.25,53.71,221.51,11.74,2021-04-04 00:05:14
1083,110.81.116.*,China Telecom,"China,Fujian,Quanzhou",82.18,42.31,201.43,119.29,2021-04-04 00:03:07
1084,222.20.105.*,China Education and Research Network Center,"China,,",4.24,43.84,222.24,15.66,2021-04-04 00:01:12
1086,114.222.103.*,China Telecom,"China,Jiangsu,Nanjing",11.33,2.53,174.32,0.4,2021-04-03 23:55:20
1087,111.78.197.*,China Telecom,"China,Jiangxi,Nanchang",306.63,23.96,191.13,0.92,2021-04-03 23:53:03
1089,117.71.140.*,China Telecom,"China,Beijing,Pinggu",212.88,69.27,190.87,0.5,2021-04-03 23:51:05
1091,183.155.209.*,China Telecom,"China,Zhejiang,Yiwu",2.79,23.34,209.0,343.8,2021-04-03 23:50:20
1094,59.41.130.*,China Telecom Guangdong province Guangzhou MAN net,"China,Guangdong,Guangzhou",1.32,17.08,198.09,154.5,2021-04-03 23:46:03
1096,114.217.212.*,China Telecom,"China,Jiangsu,Suzhou",94.31,86.49,225.5,4.87,2021-04-03 23:41:51
1097,36.17.117.*,China Telecom,"China,Zhejiang,Hangzhou",2.62,5.14,271.49,28.88,2021-04-03 23:38:57
1099,182.108.134.*,China Telecom,"China,Jiangxi,",48.2,40.22,217.95,0.83,2021-04-03 23:38:25
1101,183.212.161.*,China Mobile,"China,Jiangsu,Nanjing",51.9,8.96,297.19,1.76,2021-04-03 23:37:22
1102,117.42.179.*,China Telecom,"China,Jiangxi,Gexi",74.97,17.86,193.83,12.58,2021-04-03 23:37:19
1106,104.167.247.*,KURUN,"United States,California,Rancho Cucamonga",47.0,19.06,209.6,12.95,2021-04-03 23:32:05
1107,110.184.179.*,China Telecom,"China,Sichuan,Chengdu",1.01,17.56,239.92,142.38,2021-04-03 23:30:53
1109,154.17.6.*,DMIT,"United States,California,Los Angeles",22.19,25.58,395.95,16.65,2021-04-03 23:24:18
1110,27.38.253.*,China Unicom Shenzen,"China,Guangdong,Shenzhen",4.28,24.58,253.26,12.81,2021-04-03 23:22:21
1112,168.138.204.*,Oracle Cloud,"Japan,Tokyo,Tokyo",15.17,4.08,461.25,10.22,2021-04-03 23:20:36
1114,112.224.20.*,China Unicom Liaoning,"China,Shandong,Jinan",4.74,5.08,294.7,97.85,2021-04-03 23:18:00
1115,116.237.223.*,China Telecom Shanghai,"China,Shanghai,Shanghai",1.07,27.81,214.31,2.41,2021-04-03 23:14:12
1116,223.64.9.*,China Mobile,"China,Shanghai,Xuhui",2.17,110.76,220.46,5.54,2021-04-03 23:13:21
1119,123.146.178.*,China Unicom Liaoning,"China,Chongqing,Chongqing",97.24,20.21,279.11,2.85,2021-04-03 23:11:09
1122,171.217.161.*,China Telecom,"China,Sichuan,Chengdu",14.47,50.81,225.79,696.8,2021-04-03 23:07:37
1124,39.84.11.*,China Unicom Liaoning,"China,Shandong,Linyi",9.42,25.46,282.78,68.85,2021-04-03 23:06:16
1126,220.202.250.*,China Unicom Liaoning,"China,Hunan,Banzhu",4.77,7.86,208.98,314.11,2021-04-03 23:05:54
1127,61.54.56.*,China Unicom Liaoning,"China,,",8.43,36.71,209.2,13.77,2021-04-03 23:05:51
1128,106.118.184.*,China Telecom,"China,Hebei,Zhangjiakou",0.36,24.47,212.5,210.63,2021-04-03 23:02:42
1129,182.99.53.*,China Telecom,"China,Beijing,Beijing",244.71,19.4,198.14,0.8,2021-04-03 23:02:19
1132,113.88.218.*,China Telecom,"China,Guangdong,Shenzhen",0.73,27.56,206.45,741.31,2021-04-03 23:00:03
1133,110.191.174.*,China Telecom,"China,Jiangsu,Changzhou",1.07,30.14,229.1,163.38,2021-04-03 22:59:26
1135,113.88.218.*,China Telecom,"China,Guangdong,Shenzhen",3.98,9.18,196.73,175.96,2021-04-03 22:58:06
1137,59.174.11.*,China Telecom,"China,Hubei,Wuhan",1.14,0.44,211.19,279.0,2021-04-03 22:57:01
1138,163.125.142.*,China Unicom Shenzen,"China,Guangdong,Shenzhen",30.68,27.3,275.45,2.32,2021-04-03 22:52:50
1141,222.214.84.*,China Telecom,"China,Sichuan,Luzhou",1.14,27.3,232.35,143.62,2021-04-03 22:50:25
1143,120.85.148.*,China Unicom Guangzhou,"China,Guangdong,Baiyun",6.78,2.81,265.63,18.34,2021-04-03 22:44:03
1144,35.220.174.*,Google Cloud,"Hong Kong,Central and Western District,Central",27.15,11.6,249.87,224.43,2021-04-03 22:35:49
1145,114.92.175.*,China Telecom Shanghai,"China,Shanghai,Shanghai",1.43,20.52,222.71,0.89,2021-04-03 22:35:44
1146,113.124.142.*,China Telecom,"China,Shanghai,Putuo",11.73,25.32,201.6,1.0,2021-04-03 22:34:14
1147,103.135.250.*,DMIT,"Hong Kong,,",27.88,18.16,261.0,9.41,2021-04-03 22:32:29
1148,219.144.169.*,China Telecom,"China,Beijing,Beijing",0.47,32.5,237.8,470.52,2021-04-03 22:29:26
1150,182.39.158.*,China Telecom,"China,,",1.39,34.5,197.17,4.61,2021-04-03 22:22:37
1153,113.77.100.*,China Telecom Guangdong province Dongguan MAN netw,"China,Guangdong,Luohu",1.14,4.89,202.47,168.19,2021-04-03 22:20:56
1157,45.155.222.*,KURUN,"United States,California,Los Angeles",42.72,1.93,580.68,10.38,2021-04-03 22:08:29
1158,116.88.2.*,StarHub,"Singapore,,Singapore",130.11,162.7,199.55,3.53,2021-04-03 22:07:22
1159,113.90.237.*,China Telecom,"China,Guangdong,Shenzhen",1.14,3.21,164.0,11.39,2021-04-03 22:06:44
1160,123.162.15.*,China Telecom,"China,Shanghai,Qingpu",0.24,12.53,201.79,1422.81,2021-04-03 22:06:13
1161,221.222.57.*,China Unicom Beijing,"China,Beijing,Beijing",62.17,11.45,237.63,9.7,2021-04-03 21:58:25
1164,123.113.184.*,China Unicom Beijing,"China,Beijing,Beijing",26.56,32.35,222.55,22.56,2021-04-03 21:48:52
1171,113.218.232.*,China Telecom,"China,Hunan,Changsha",1.26,28.83,221.25,119.09,2021-04-03 21:41:17
1172,218.68.145.*,China Unicom Liaoning,"China,Tianjin,Tianjin",21.47,36.35,228.0,104.97,2021-04-03 21:40:46
1173,183.15.182.*,China Telecom,"China,Guangdong,Shenzhen",10.51,17.48,202.13,1166.23,2021-04-03 21:37:56
1175,119.236.157.*,Netvigator,"Hong Kong,Central and Western District,Central",72.29,7.28,230.05,47.58,2021-04-03 21:37:13
1176,36.36.88.*,ShenZhen Topway Video Communication Co.,"China,Guangdong,Shenzhen",69.35,1.98,254.12,3.25,2021-04-03 21:36:46
1177,173.82.57.*,Multacom Corporation,"United States,,",90.95,14.82,205.17,203.94,2021-04-03 21:35:19
1178,1.83.163.*,China Telecom,"China,Shaanxi,Xi&#39;an",0.52,15.49,210.58,139.78,2021-04-03 21:34:23
1179,124.127.68.*,China Telecom Beijing,"China,Beijing,Beijing",0.59,8.1,197.35,259.84,2021-04-03 21:33:06
1180,113.90.92.*,China Telecom,"China,Guangdong,Shenzhen",1.16,25.67,201.25,2.81,2021-04-03 21:30:51
1185,110.17.82.*,China Unicom Liaoning,"China,Beijing,Beijing",76.36,54.65,233.3,72.67,2021-04-03 21:27:35
1189,113.3.253.*,China Unicom Liaoning,"China,,",42.32,41.28,243.7,11.21,2021-04-03 21:23:27
1190,116.238.200.*,China Telecom Shanghai,"China,Shanghai,Shanghai",0.87,49.37,227.97,0.5,2021-04-03 21:23:27
1192,183.4.14.*,CHINATELECOM Guangdong province Zhuhai 5G network,"China,Guangdong,Shenzhen",7.76,4.68,207.0,339.59,2021-04-03 21:22:51
1193,74.211.99.*,IT7 Networks,"United States,California,Los Angeles",736.96,57.41,171.85,0.67,2021-04-03 21:22:44
1194,116.235.139.*,China Telecom Shanghai,"China,Shanghai,Shanghai",231.27,50.42,175.66,5.76,2021-04-03 21:20:31
1195,223.104.39.*,China Mobile,"China,Beijing,Beijing",11.67,4.01,241.21,5.28,2021-04-03 21:20:09
1196,39.187.250.*,China Mobile,"China,Zhejiang,Yiwu",2.71,21.42,222.31,121.01,2021-04-03 21:19:51
1197,125.32.245.*,China Unicom Liaoning,"China,Jilin,Jilin City",183.53,27.91,225.85,4.5,2021-04-03 21:19:33
1198,180.141.174.*,China Telecom,"China,Guangxi,Nanning",123.46,59.82,201.47,1.78,2021-04-03 21:18:57
1199,171.121.155.*,China Unicom Liaoning,"China,,",12.27,6.65,207.3,2.33,2021-04-03 21:18:55
1200,104.225.155.*,IT7 Networks Inc,"United States,California,Los Angeles",40.49,78.51,472.78,116.92,2021-04-03 21:18:17
1201,122.195.1.*,China Unicom Liaoning,"China,Jiangsu,Changzhou",40.24,34.88,245.05,340.24,2021-04-03 21:17:54
1202,110.231.184.*,China Unicom Liaoning,"China,,",73.35,20.71,205.0,17.8,2021-04-03 21:17:20
1204,119.5.1.*,China Unicom Liaoning,"China,Shanghai,Shanghai",25.92,28.58,255.15,3.18,2021-04-03 21:15:40
1206,180.166.11.*,China Telecom Shanghai,"China,Shanghai,Shanghai",6.8,6.51,237.8,100.6,2021-04-03 21:14:18
1207,216.24.255.*,Multacom Corporation,"United States,,",43.66,48.83,738.55,85.48,2021-04-03 21:14:17
1209,117.173.62.*,China Mobile Guangdong,"China,Sichuan,Chengdu",0.86,104.54,266.69,37.55,2021-04-03 21:13:41
1211,49.69.247.*,China Telecom,"China,,",1.89,16.14,192.84,213.8,2021-04-03 21:12:46
1215,45.148.8.*,Virtono Networks SRL,"United States,California,San Jose",29.65,23.03,227.8,95.15,2021-04-03 21:11:11
1216,222.93.91.*,China Telecom,"China,Jiangsu,Suzhou",0.55,24.34,241.7,333.48,2021-04-03 21:10:22
1218,107.173.155.*,ColoCrossing,"United States,,",304.17,28.19,211.52,3.84,2021-04-03 21:07:44
1219,222.185.153.*,China Telecom,"China,Jiangsu,Changzhou",60.58,47.63,235.17,1.61,2021-04-03 21:06:52
1222,110.87.93.*,China Telecom,"China,Fujian,Xiamen",61.53,16.12,204.58,11.44,2021-04-03 21:05:32
1223,125.32.245.*,China Unicom Liaoning,"China,Jilin,Jilin City",81.28,23.46,235.46,27.22,2021-04-03 21:04:54
1224,39.81.176.*,China Unicom Liaoning,"China,Shandong,Heze",45.08,30.36,213.75,2.91,2021-04-03 21:03:36
1225,123.160.227.*,China Telecom,"China,Henan,Zhengzhou",1.13,20.98,208.4,2.4,2021-04-03 21:03:16
1226,58.20.188.*,China Unicom Liaoning,"China,Hunan,Yongjiawan",97.22,15.19,265.19,3.98,2021-04-03 21:03:16
1228,218.5.166.*,China Telecom,"China,,",47.67,28.15,225.51,899.7,2021-04-03 21:01:02
1229,112.96.162.*,China Unicom Guangzhou,"China,Guangdong,Guangzhou",8.43,3.85,301.0,4.21,2021-04-03 21:00:23
1231,119.4.144.*,China Unicom Liaoning,"China,Guangdong,Guangzhou",56.94,4.82,251.0,19.05,2021-04-03 20:57:54
1232,8.21.11.*,Cloudflare Warp,"Hong Kong,Central and Western District,Central",77.62,82.1,247.7,59.69,2021-04-03 20:57:52
1233,139.227.113.*,China Unicom Shanghai,"China,Shanghai,Shanghai",122.98,54.99,202.49,1.46,2021-04-03 20:57:51
1234,36.33.150.*,China Unicom Liaoning,"China,Beijing,Beijing",4.22,13.77,241.09,67.44,2021-04-03 20:56:34
1235,219.143.131.*,China Telecom Beijing,"China,Beijing,Beijing",0.89,33.13,218.24,136.46,2021-04-03 20:55:56
1236,182.34.131.*,China Telecom,"China,Shandong,Zibo",1.15,26.98,219.0,375.4,2021-04-03 20:54:22
1237,182.39.158.*,China Telecom,"China,,",19.47,23.2,200.2,0.8,2021-04-03 20:53:00
1239,116.233.177.*,China Telecom Shanghai,"China,Shanghai,Shanghai",156.22,52.27,177.76,5.55,2021-04-03 20:51:49
1240,182.39.158.*,China Telecom,"China,,",16.68,34.04,202.2,1.36,2021-04-03 20:51:27
1241,101.85.125.*,China Telecom Shanghai,"China,Shanghai,Nanqiao",24.8,20.16,181.99,8.37,2021-04-03 20:51:02
1243,198.211.10.*,Multacom Corporation,"United States,California,Los Angeles",238.99,38.02,190.2,292.08,2021-04-03 20:50:40
1244,115.53.72.*,China Unicom Liaoning,"China,Henan,Puyang Chengguanzhen",35.79,20.6,205.08,2.23,2021-04-03 20:50:00
1246,182.39.158.*,China Telecom,"China,,",26.22,5.6,193.6,1.68,2021-04-03 20:49:26
1250,223.214.183.*,China Telecom,"China,Shanghai,Shanghai",274.21,86.99,181.64,0.49,2021-04-03 20:46:08
1251,123.144.97.*,China Unicom Liaoning,"China,Chongqing,Chongqing",263.65,0.18,236.11,1.98,2021-04-03 20:45:38
1253,58.32.42.*,China Telecom Shanghai,"China,Shanghai,Shanghai",188.97,110.95,186.16,1.31,2021-04-03 20:41:48
1256,112.122.28.*,UNICOM AnHui,"China,Anhui,Hefei",154.97,44.38,218.2,35.16,2021-04-03 20:38:19
1261,58.212.72.*,China Telecom,"China,,",26.08,9.52,215.79,1.69,2021-04-03 20:30:20
1263,222.86.174.*,China Telecom,"China,,",212.72,29.49,217.27,0.86,2021-04-03 20:28:44
1264,183.204.154.*,"Henan Mobile Communications Co.,Ltd","China,,",2.89,14.11,254.3,415.5,2021-04-03 20:28:06
1268,159.138.7.*,Huawei Clouds,"China,Guangdong,Guangzhou",368.16,62.11,249.94,1.13,2021-04-03 20:24:56
1269,124.72.196.*,China Telecom,"China,Fujian,Anmincun",32.01,22.1,201.78,1.62,2021-04-03 20:24:43
1271,117.136.3.*,China Mobile Guangdong,"China,Inner Mongolia Autonomous Region,Huimin",3.19,4.28,254.16,91.87,2021-04-03 20:24:27
1272,58.32.40.*,China Telecom Shanghai,"China,Shanghai,Shanghai",1.53,5.3,285.0,12.78,2021-04-03 20:23:26
1273,171.120.211.*,China Unicom Liaoning,"China,Guangdong,Guangzhou",21.18,18.78,212.08,21.74,2021-04-03 20:22:13
1274,114.246.112.*,China Unicom Beijing,"China,Beijing,Fengtai",193.77,10.22,183.51,11.55,2021-04-03 20:22:00
1275,58.19.95.*,China Unicom Liaoning,"China,,",153.59,43.29,225.51,143.17,2021-04-03 20:21:35
1276,193.123.255.*,Oracle Cloud,"South Korea,Seoul,Seoul",51.4,39.3,520.83,193.2,2021-04-03 20:19:14
1281,36.106.244.*,China Telecom TIANJIN,"China,Tianjin,Tianjin",1.23,74.01,193.06,93.43,2021-04-03 20:17:36
1282,116.206.100.*,LizCat (Shanghai) Limited,"United States,California,Los Angeles",16.39,7.16,435.0,60.22,2021-04-03 20:15:59
1284,27.13.32.*,China Unicom Liaoning,"China,Guangdong,Guangzhou",16.96,24.71,237.4,5.48,2021-04-03 20:15:00
1286,111.122.177.*,China Telecom,"China,Guizhou,Duyun",86.33,3.49,214.91,1.05,2021-04-03 20:13:14
1289,58.100.215.*,Huashu media,"China,Zhejiang,Hangzhou",8.16,13.79,240.0,27.77,2021-04-03 20:12:20
1290,38.94.111.*,Kirino LLC,"United States,California,San Jose",32.43,11.67,214.0,8.19,2021-04-03 20:11:23
1291,119.39.248.*,China Unicom Liaoning,"China,Hunan,Changsha",37.49,18.74,275.32,11.42,2021-04-03 20:10:57
1292,139.227.114.*,China Unicom Shanghai,"China,Shanghai,Shanghai",123.63,22.79,224.34,0.56,2021-04-03 20:10:39
1295,180.162.85.*,China Telecom Shanghai,"China,Shanghai,Shanghai",33.4,31.63,197.2,290.16,2021-04-03 20:09:12
1296,125.120.60.*,China Telecom,"China,Zhejiang,Hangzhou",13.38,2.11,176.42,53.74,2021-04-03 20:08:56
1298,112.47.115.*,China Mobile Guangdong,"China,Fujian,Jinjiang",52.94,30.7,216.68,2.15,2021-04-03 20:08:52
1299,180.121.173.*,China Telecom,"China,Shanghai,Shanghai",85.93,27.86,193.77,4.94,2021-04-03 20:08:37
1300,116.21.153.*,China Telecom Guangdong province Guangzhou MAN net,"China,Guangdong,Guangzhou",9.17,25.2,195.4,6.29,2021-04-03 20:08:10
1303,106.121.183.*,China Telecom Beijing,"China,Beijing,Beijing",1.18,24.0,210.63,248.55,2021-04-03 20:05:19
1304,139.206.65.*,China Telecom,"China,,",11.59,12.34,230.72,7.72,2021-04-03 20:04:15
1306,27.37.166.*,China Unicom Guangdong,"China,Guangdong,Dongguan",368.11,30.63,215.34,1.96,2021-04-03 20:03:18
1307,183.165.219.*,China Telecom,"China,Jiangxi,Xiaogang",39.83,19.48,191.16,1.49,2021-04-03 20:03:05
1308,116.7.54.*,China Telecom,"China,Guangdong,Shenzhen",76.92,38.05,193.67,6.09,2021-04-03 20:02:28
1309,101.33.120.*,Tencent cloud computing,"Hong Kong,Central and Western District,",34.79,24.21,256.68,2.26,2021-04-03 20:02:21
1310,180.173.159.*,China Telecom Shanghai,"China,Shanghai,Shanghai",179.87,12.06,200.86,308.18,2021-04-03 20:02:16
1311,124.64.140.*,China Unicom Beijing,"China,Beijing,Beijing",75.08,22.19,209.12,0.66,2021-04-03 20:01:57
1315,163.179.46.*,China Unicom Guangdong,"China,Guangdong,Guangzhou",325.28,21.96,236.45,1.92,2021-04-03 19:57:23
1316,183.209.141.*,China Mobile,"China,Jiangsu,Nanjing",266.09,106.25,297.92,3.89,2021-04-03 19:56:55
1317,222.240.92.*,China Telecom,"China,Hunan,Changsha",85.79,9.41,203.96,6.26,2021-04-03 19:56:34
1318,61.190.56.*,China Telecom,"China,Anhui,Hefei",25.25,22.92,178.91,1.09,2021-04-03 19:53:59
1319,112.14.75.*,China Mobile,"China,Zhejiang,Wenzhou",24.12,35.82,197.92,4.32,2021-04-03 19:53:57
1321,219.144.248.*,China Telecom,"China,Shaanxi,Xi&#39;an",2.65,6.4,221.39,4.41,2021-04-03 19:53:18
1323,218.79.204.*,China Telecom Shanghai,"China,Shanghai,Shanghai",107.54,32.54,205.45,2.42,2021-04-03 19:51:34
1324,219.134.151.*,China Telecom,"China,Guangdong,Shenzhen",223.42,29.16,192.46,274.6,2021-04-03 19:51:32
1325,144.0.22.*,China Telecom,"China,Shandong,Qingdao",157.36,43.32,187.39,2.39,2021-04-03 19:51:19
1327,1.204.137.*,China Telecom,"China,Guizhou,Guiyang",454.37,42.27,213.6,0.99,2021-04-03 19:49:28
1335,223.102.70.*,China Mobile,"China,Liaoning,Dalian",1.74,44.69,230.09,2.66,2021-04-03 19:43:41
1337,119.98.205.*,China Telecom,"China,Hubei,Wuhan",42.64,15.29,229.0,0.85,2021-04-03 19:43:32
1339,101.80.99.*,China Telecom Shanghai,"China,Shanghai,Shanghai",125.9,29.65,207.61,4.78,2021-04-03 19:42:42
1340,59.50.85.*,China Telecom,"China,Hainan,Haikou",10.26,23.37,215.71,5.36,2021-04-03 19:42:39
1343,49.82.145.*,China Telecom,"China,Jiangsu,Suzhou",89.22,19.13,188.7,10.04,2021-04-03 19:42:18
1344,45.90.219.*,NTX Technologies s.r.o.,"Russia,,",76.62,34.07,388.1,360.99,2021-04-03 19:42:04
1345,115.27.218.*,China Education and Research Network Center,"China,Beijing,Haidian",343.29,19.25,210.0,2.07,2021-04-03 19:41:53
1346,113.16.38.*,China Telecom,"China,Beijing,Beijing",39.46,54.75,208.0,7.52,2021-04-03 19:41:40
1347,121.60.85.*,China Telecom,"China,Hubei,Wuhan",114.24,24.63,210.18,0.64,2021-04-03 19:40:53
1348,222.83.154.*,China Telecom,"China,Jilin,Changchun",2.33,13.72,271.2,269.39,2021-04-03 19:40:38
1349,217.79.241.*,HIVELOCITY,"United States,,",112.97,19.38,288.53,0.92,2021-04-03 19:40:09
1350,119.98.205.*,China Telecom,"China,Hubei,Wuhan",53.15,15.98,231.41,0.58,2021-04-03 19:39:52
1351,175.153.148.*,China Unicom Liaoning,"China,Shanghai,Shanghai",192.45,30.98,249.28,73.37,2021-04-03 19:39:48
1353,222.77.114.*,China Telecom,"China,Fujian,Quanzhou",330.87,37.33,197.98,0.6,2021-04-03 19:39:02
1354,124.94.254.*,China Unicom Liaoning,"China,Liaoning,Shenyang",14.11,87.42,280.06,9.0,2021-04-03 19:38:55
1356,220.78.199.*,Korea Telecom,"South Korea,Gyeonggi-do,Yongin-si",31.32,84.62,176.43,0.91,2021-04-03 19:37:36
1357,219.139.218.*,China Telecom,"China,Hubei,Wuhan",8.41,14.79,206.19,310.46,2021-04-03 19:36:24
1359,112.36.232.*,China Mobile Shandong,"China,Beijing,Beijing",0.45,5.71,239.6,177.07,2021-04-03 19:35:53
1360,180.112.7.*,China Telecom,"China,Jiangsu,Yicheng",254.54,57.25,187.08,6.24,2021-04-03 19:35:21
1361,1.204.137.*,China Telecom,"China,Guizhou,Guiyang",113.4,56.52,213.0,45.69,2021-04-03 19:35:17
1362,120.83.73.*,China Unicom Guangdong,"China,Guangdong,Guangzhou",78.8,19.01,239.99,0.76,2021-04-03 19:35:02
1363,218.251.113.*,K-Opticom Corporation,"Japan,Hyōgo,Nishinomiya",48.15,48.09,264.43,15.42,2021-04-03 19:34:48
1365,183.156.14.*,China Telecom,"China,Zhejiang,Hangzhou",47.26,13.0,167.6,35.94,2021-04-03 19:33:34
1367,36.156.113.*,China Mobile,"China,,",1.87,56.91,240.0,87.26,2021-04-03 19:31:22
1368,113.128.128.*,China Telecom,"China,Shandong,Jinan",153.21,39.99,178.7,5.43,2021-04-03 19:31:07
1370,222.245.129.*,China Telecom,"China,,",2.11,24.42,232.08,137.75,2021-04-03 19:30:46
1371,125.32.245.*,China Unicom Liaoning,"China,Jilin,Jilin City",389.37,30.74,219.91,0.83,2021-04-03 19:30:36
1372,27.18.80.*,China Telecom,"China,Hubei,Wuhan",88.97,22.48,216.64,0.98,2021-04-03 19:29:11
1373,1.25.45.*,UNICOM InnerMongolia,"China,,",203.26,42.26,233.63,1.11,2021-04-03 19:29:08
1374,1.193.124.*,China Telecom,"China,Henan,Zhengzhou",0.8,26.21,210.0,653.01,2021-04-03 19:28:38
1376,54.255.96.*,Amazon.com,"Singapore,,Singapore",68.65,25.43,682.13,21.83,2021-04-03 19:28:28
1377,116.30.120.*,China Telecom,"China,Guangdong,Shenzhen",2.85,3.18,193.56,6.38,2021-04-03 19:28:27
1378,101.83.225.*,China Telecom Shanghai,"China,Shanghai,Shanghai",344.1,186.73,180.88,0.53,2021-04-03 19:28:23
1381,219.131.85.*,CHINATELECOM Guangdong province Chaozhou 5G networ,"China,Guangdong,Gaoyao",38.94,18.33,196.3,21.19,2021-04-03 14:59:05
1385,219.131.84.*,CHINATELECOM Guangdong province Chaozhou 5G networ,"China,Guangdong,Guangzhou",22.85,20.77,211.0,997.32,2021-04-02 15:15:14
1386,45.136.3.*,Nerocloud Ltd,"Hong Kong,Sai Kung District,Tai Wan",130.35,6.36,404.31,5.72,2021-04-02 13:07:51
1387,219.131.84.*,CHINATELECOM Guangdong province Chaozhou 5G networ,"China,Guangdong,Guangzhou",75.74,23.26,203.78,7.7,2021-04-02 11:02:21
1388,218.88.124.*,China Telecom,"China,Sichuan,Daming",4.52,38.43,225.14,7.64,2021-04-02 10:35:30
1389,113.85.218.*,CHINATELECOM Guangdong province Chaozhou 5G networ,"China,Guangdong,Gaoyao",0.45,15.4,209.0,395.58,2021-04-01 23:38:29
1390,219.131.85.*,CHINATELECOM Guangdong province Chaozhou 5G networ,"China,Guangdong,Gaoyao",0.6,24.34,206.01,435.63,2021-04-01 22:52:31
1392,122.236.15.*,China Telecom,"China,Shanghai,Huangpu",29.55,8.69,257.0,63.19,2021-04-01 21:44:13
1393,113.102.16.*,CHINATELECOM Guangdong province Chaozhou 5G networ,"China,Shanghai,Shanghai",23.62,10.46,205.6,289.74,2021-04-01 21:27:50
1394,113.102.16.*,CHINATELECOM Guangdong province Chaozhou 5G networ,"China,Shanghai,Shanghai",27.11,21.45,200.2,1.71,2021-04-01 17:29:59
1396,113.102.16.*,CHINATELECOM Guangdong province Chaozhou 5G networ,"China,Shanghai,Shanghai",17.02,21.02,194.4,38.27,2021-04-01 13:49:06
1397,113.102.16.*,CHINATELECOM Guangdong province Chaozhou 5G networ,"China,Shanghai,Shanghai",117.27,23.38,203.64,5.19,2021-04-01 11:44:14
1398,180.141.233.*,China Telecom,"China,Guangxi,Nanning",0.99,53.99,229.0,349.86,2021-03-31 23:51:40
1400,113.85.219.*,CHINATELECOM Guangdong province Chaozhou 5G networ,"China,Guangdong,Gaoyao",0.56,22.93,203.72,452.59,2021-03-31 21:01:26
1401,112.102.75.*,China Telecom,"China,Heilongjiang,Harbin",0.75,31.95,203.61,0.9,2021-03-31 12:01:03
1403,113.85.219.*,CHINATELECOM Guangdong province Chaozhou 5G networ,"China,Guangdong,Gaoyao",67.41,23.64,193.47,194.64,2021-03-31 11:03:09
1404,158.247.199.*,"Choopa, LLC","South Korea,Seoul,Seoul",39.51,48.02,598.86,29.14,2021-03-31 10:31:46
1405,182.90.19.*,China Unicom Liaoning,"China,Guangxi,Changzhou",176.28,39.62,244.99,0.75,2021-03-30 17:24:08
1407,45.56.88.*,Linode,"United States,California,Fremont",359.46,57.0,422.85,26.07,2021-03-30 09:13:59
1409,103.116.47.*,Jinx Co. Limited,"Hong Kong,Central and Western District,Central",90.26,104.61,416.3,16.81,2021-03-28 18:06:10
1412,38.94.109.*,Kirino LLC,"United States,Washington,Seattle",30.48,9.7,236.2,309.29,2021-03-28 15:33:28
1414,124.89.240.*,China Unicom Liaoning,"China,Zhejiang,Xushan",2.54,41.05,265.39,0.59,2021-03-27 22:59:08
1415,103.116.47.*,Jinx Co. Limited,"Hong Kong,Central and Western District,Central",1.93,0.14,292.54,140.24,2021-03-27 21:03:11
1416,115.201.79.*,China Telecom,"China,Zhejiang,Taizhou",6.06,2.18,202.94,7.96,2021-03-27 08:35:28
1417,163.125.53.*,China Unicom Shenzen,"China,Guangdong,Shenzhen",2.51,2.8,261.88,16.78,2021-03-27 00:24:11
1421,119.60.5.*,China Telecom,"China,Ningxia Hui Autonomous Region,Yinchuan",0.24,56.69,194.41,687.93,2021-03-25 21:39:43
1424,113.95.165.*,CHINATELECOM Guangdong province Chaozhou 5G networ,"China,,",151.46,20.94,204.51,0.7,2021-03-24 18:24:35
1426,40.83.95.*,Microsoft Azure,"Hong Kong,Central and Western District,Central",74.55,3.72,1130.46,495.89,2021-03-24 14:29:40
1427,113.77.161.*,China Telecom Guangdong province Dongguan MAN netw,"China,Guangdong,Guangzhou",0.48,18.77,218.9,827.94,2021-03-23 22:21:00
1428,113.13.209.*,China Telecom,"China,Guangxi,Qinzhou",0.28,40.53,215.49,1749.1,2021-03-23 20:50:22
1429,23.99.113.*,Microsoft Azure,"Hong Kong,Central and Western District,Central",538.99,48.12,182.67,1.39,2021-03-23 18:02:33
1433,58.243.254.*,UNICOM AnHui,"China,Anhui,Hefei",22.03,20.72,243.41,11.89,2021-03-23 12:26:02
1435,58.243.254.*,UNICOM AnHui,"China,Anhui,Hefei",0.79,0.02,272.0,446.93,2021-03-22 21:43:19
1437,195.201.193.*,Hetzner Online GmbH,"Germany,,",918.68,493.68,118.0,0.59,2021-03-22 19:39:04
1438,113.13.209.*,China Telecom,"China,Guangxi,Qinzhou",0.32,68.01,229.88,785.85,2021-03-22 19:36:23
1439,113.13.209.*,China Telecom,"China,Guangxi,Qinzhou",0.33,44.56,223.69,179.1,2021-03-22 19:33:08
1440,184.105.135.*,Hurricane Electric,"United States,,",3.69,29.72,217.74,2.16,2021-03-22 19:17:35
1442,222.131.242.*,China Unicom Beijing,"China,Beijing,Haidian",235.88,31.65,195.97,20.29,2021-03-22 18:45:08
1443,135.181.182.*,Hetzner Online GmbH,"Finland,Uusimaa,Helsinki",859.36,254.52,126.77,0.69,2021-03-22 18:38:48
1444,110.87.91.*,China Telecom,"China,Fujian,Xiamen",84.57,32.2,197.42,4.24,2021-03-22 18:25:56
1445,219.136.204.*,China Telecom Guangdong province Guangzhou MAN net,"China,Guangdong,Guangzhou",3.48,6.86,196.1,7.42,2021-03-22 18:18:14
1446,223.146.67.*,China Telecom,"China,Hunan,Furong",14.84,9.11,198.39,97.66,2021-03-22 18:12:22
1450,106.47.110.*,China Telecom TIANJIN,"China,Tianjin,Nankai",0.53,2.88,191.6,689.29,2021-03-22 17:51:05
1451,50.7.59.*,Fdcservers,"Hong Kong,Tsuen Wan District,Tsuen Wan",56.57,61.75,293.98,5.73,2021-03-22 17:50:00
1452,58.49.208.*,China Telecom,"China,,",0.7,43.16,219.27,322.1,2021-03-22 12:22:31
1453,120.230.131.*,China Mobile,"China,Beijing,Beijing",0.72,14.66,199.79,4.9,2021-03-21 16:20:54
1454,162.105.240.*,China Education and Research Network Center,"China,,",4.02,138.48,195.06,268.06,2021-03-21 14:31:39
1456,183.4.30.*,CHINATELECOM Guangdong province Zhuhai 5G network,"China,,",11.69,17.33,203.65,1678.54,2021-03-21 14:10:10
1457,155.94.143.*,QuadraNet,"United States,California,Los Angeles",87.05,24.19,820.64,63.38,2021-03-21 13:18:08
1458,183.93.184.*,China Unicom Liaoning,"China,Hubei,Xiantao",6.67,27.61,208.43,20.87,2021-03-21 13:16:26
1459,42.180.58.*,China Unicom Liaoning,"China,Beijing,Beijing",9.42,6.06,270.0,5.75,2021-03-21 11:24:06
1460,39.182.132.*,China Mobile,"China,Zhejiang,Taizhou",1.34,19.46,223.7,1530.73,2021-03-21 01:55:14
1461,101.204.216.*,China Unicom Liaoning,"China,Sichuan,Chengdu",3.07,28.95,257.36,3.78,2021-03-20 23:50:40
1462,171.223.196.*,China Telecom,"China,Sichuan,Chengdu",0.49,21.06,233.11,350.71,2021-03-20 22:28:46
1463,36.112.110.*,China Telecom Beijing,"China,Beijing,Beijing",0.2,11.81,183.0,1176.08,2021-03-20 20:45:52
1464,119.8.35.*,Huawei Clouds,"Singapore,,",87.73,49.27,246.14,64.9,2021-03-20 19:28:07
1465,50.7.250.*,Fdcservers,"Hong Kong,Tsuen Wan District,Tsuen Wan",263.4,48.76,436.8,13.07,2021-03-20 16:10:57
1467,113.111.49.*,China Telecom Guangdong province Guangzhou MAN net,"China,Guangdong,Guangzhou",1.38,23.37,206.77,1.68,2021-03-20 15:04:49
1468,64.120.91.*,Leaseweb Asia Pacific pte.,"China,Guangdong,Foshan",10.93,28.73,284.08,29.6,2021-03-20 13:52:28
1469,117.148.119.*,China Mobile,"China,Shanghai,Shanghai",0.0,48.5,230.8,1002.82,2021-03-20 13:46:21
1472,183.192.231.*,"Shanghai Mobile Communications Co.,Ltd.","China,Shanghai,Shanghai",0.95,9.89,203.85,418.74,2021-03-20 10:14:19
1473,14.199.115.*,Hong Kong Broadband Network,"Hong Kong,Kowloon City,Kowloon",153.09,6.28,673.24,73.23,2021-03-19 20:14:30
1475,183.199.128.*,China Mobile Hebei,"China,Hebei,Dazidian",0.52,81.83,230.77,141.47,2021-03-19 19:21:48
1476,114.254.0.*,China Unicom Beijing,"China,Beijing,Beijing",146.4,33.76,259.4,87.65,2021-03-19 19:19:14
1478,223.74.59.*,China Mobile,"China,Guangdong,Heyuan",4.36,13.2,219.68,20.34,2021-03-19 18:59:45
1481,113.76.96.*,China Telecom Guangdong province Yuexi MAN network,"China,,",0.27,69.67,222.35,770.14,2021-03-19 16:36:54
1482,59.64.129.*,China Education and Research Network Center,"China,,",41.27,30.74,222.46,9.32,2021-03-19 16:32:35
1485,124.134.207.*,China Unicom Liaoning,"China,Shandong,Weifang",185.74,24.62,223.0,55.58,2021-03-19 12:16:25
1486,222.205.63.*,China Education and Research Network Center,"China,Zhejiang,Hangzhou",72.35,58.4,242.0,10.48,2021-03-19 11:56:39
1487,113.85.219.*,CHINATELECOM Guangdong province Chaozhou 5G networ,"China,Guangdong,Gaoyao",43.01,19.63,196.04,4.84,2021-03-19 11:55:36
1488,112.231.36.*,China Unicom Liaoning,"China,Shandong,Hongjialou",49.36,42.17,221.0,1.55,2021-03-19 10:51:34
1489,195.181.163.*,Datacamp Limited,"United States,Florida,Miami",49.6,21.47,268.95,2.31,2021-03-19 10:37:21
1492,199.249.223.*,Quintex Alliance Consulting,"United States,,",11.76,28.97,219.44,300.06,2021-03-19 10:32:52
1493,61.222.202.*,Chunghwa Telecom,"Taiwan,New Taipei,New Taipei",153.72,45.39,298.04,238.16,2021-03-19 10:31:26
1494,104.192.108.*,Beijing Qihu Technology Company Limited,"United States,,",456.58,282.61,202.13,0.35,2021-03-19 10:12:59
1495,104.192.108.*,Beijing Qihu Technology Company Limited,"United States,,",352.29,322.35,203.49,0.57,2021-03-19 10:12:29
1496,128.199.126.*,DigitalOcean,"Singapore,,Singapore",95.77,140.17,1174.11,22.03,2021-03-19 10:05:38
1498,112.36.92.*,China Mobile Shandong,"China,Shandong,Bizidian",70.13,11.31,235.5,9.87,2021-03-19 07:44:39
1499,58.32.41.*,China Telecom Shanghai,"China,Shanghai,Shanghai",44.6,94.48,191.63,0.91,2021-03-19 04:19:19
1500,80.251.209.*,Fiber-logic,"United States,California,Los Angeles",124.76,25.67,197.35,6.62,2021-03-19 00:19:50
1501,210.47.7.*,China Education and Research Network Center,"China,,",0.38,1.44,237.57,350.07,2021-03-19 00:16:50
1503,77.73.64.*,Fishnet Communications LLC,"Russia,St.-Petersburg,St Petersburg",8.17,8.75,395.0,1.41,2021-03-18 23:51:39
1504,114.254.147.*,China Unicom Beijing,"China,Beijing,Beijing",2.39,63.07,239.25,2.48,2021-03-18 23:33:20
1505,140.238.30.*,Oracle Cloud,"South Korea,Seoul,Seoul",43.56,46.74,271.4,6.18,2021-03-18 23:02:56
1506,223.72.81.*,China Mobile,"China,Beijing,Beijing",0.27,6.64,215.0,644.82,2021-03-18 22:07:40
1507,111.201.208.*,China Unicom Beijing,"China,Beijing,Beijing",1.98,23.05,214.0,0.69,2021-03-18 21:57:47
1508,113.102.100.*,CHINATELECOM Guangdong province Chaozhou 5G networ,"China,Guangdong,Zhaoqing",0.82,22.5,213.58,277.61,2021-03-18 21:49:10
1509,42.239.252.*,China Unicom Liaoning,"China,Beijing,Beijing",5.34,10.05,249.7,14.74,2021-03-18 21:17:35
1510,52.221.245.*,Amazon.com,"Singapore,,Singapore",1.46,1.77,653.0,262.89,2021-03-18 21:16:19
1512,128.199.248.*,DigitalOcean,"Singapore,,",53.33,0.89,401.0,187.71,2021-03-18 20:30:32
1514,52.91.163.*,Amazon.com,"United States,Virginia,Ashburn",8.57,3.54,640.6,1156.89,2021-03-18 19:44:52
1516,49.93.202.*,China Telecom,"China,,",1.79,38.27,194.0,213.55,2021-03-18 19:25:32
1517,220.153.179.*,KCN,"Japan,Nara,Ikoma",4.95,5.85,290.85,35.18,2021-03-18 19:19:25
1518,58.32.43.*,China Telecom Shanghai,"China,Shanghai,Shanghai",62.13,137.92,187.5,74.18,2021-03-18 18:39:54
1519,162.216.241.*,H5 Data Centers,Chandler LLC,249.49,129.13,264.0,22.16,2021-03-18 18:37:18
1520,58.62.29.*,China Telecom Guangdong province Guangzhou MAN net,"China,Guangdong,Guangzhou",21.68,4.45,190.1,1.46,2021-03-18 17:47:10
1521,122.9.51.*,Hongkong TKO Datacenter,"China,,",82.09,79.02,186.34,0.52,2021-03-18 17:05:40
1522,27.38.84.*,China Unicom Shenzen,"China,Guangdong,Shenzhen",49.16,30.29,245.72,2.25,2021-03-18 17:05:02
1523,58.20.50.*,China Unicom Liaoning,"China,Hunan,Yongjiawan",27.18,17.68,233.67,8.29,2021-03-18 17:01:20
1524,219.145.230.*,China Telecom,"China,Shaanxi,Qianyou",0.6,14.88,224.78,324.96,2021-03-18 16:43:36
1525,222.178.233.*,China Telecom,"China,Chongqing,Chongqing",13.61,0.77,239.57,2.03,2021-03-18 15:43:58
1526,119.248.66.*,China Unicom Liaoning,"China,Hebei,Shijiazhuang",66.3,31.48,227.11,2.55,2021-03-18 14:07:52
1527,203.184.132.*,HGC Global Communications Limited,"Hong Kong,,",11.03,189.76,214.04,27.08,2021-03-18 13:55:04
1528,115.145.162.*,SungKyunKwan University (SKKU),"South Korea,Seoul,Gangseo-gu",526.42,163.2,178.41,1.38,2021-03-18 13:44:18
1529,175.43.11.*,China Unicom Liaoning,"China,Fujian,Quanzhou",1.64,17.07,263.0,488.46,2021-03-18 13:31:11
1530,183.222.27.*,China Mobile Guangdong,"China,Sichuan,Chengdu",1.35,5.81,264.59,0.53,2021-03-18 13:26:43
1531,114.84.63.*,China Telecom Shanghai,"China,Shanghai,Shanghai",0.84,23.25,178.24,400.4,2021-03-18 13:17:11
1532,43.245.220.*,IPTELECOM Global,"Hong Kong,Central and Western District,Central",52.48,5.77,227.67,1.51,2021-03-18 13:15:57
1533,23.99.113.*,Microsoft Azure,"Hong Kong,Central and Western District,Central",427.41,56.39,480.79,25.11,2021-03-18 13:00:09
1534,18.166.178.*,Amazon.com,"China,,",29.93,91.8,447.56,175.54,2021-03-18 12:59:41
1535,18.167.37.*,Amazon.com,"China,,",23.93,102.96,480.83,19.71,2021-03-18 12:59:10
1536,218.104.96.*,China Unicom Liaoning,"China,Hubei,Wuhan",4.6,9.69,204.12,11.45,2021-03-18 12:58:34
1537,218.104.96.*,China Unicom Liaoning,"China,Hubei,Wuhan",18.77,7.52,214.65,12.11,2021-03-18 12:55:01
1538,113.57.75.*,China Unicom Liaoning,"China,Hubei,Wuhan",4.3,2.97,265.47,340.78,2021-03-18 12:46:59
1539,27.214.152.*,China Unicom Liaoning,"China,Shandong,Yantai",24.9,22.04,261.4,94.16,2021-03-18 12:45:08
1540,171.110.149.*,China Telecom,"China,Guangxi,Qingxiu",86.23,37.05,214.0,179.98,2021-03-18 12:22:19
1541,113.85.218.*,CHINATELECOM Guangdong province Chaozhou 5G networ,"China,Guangdong,Gaoyao",110.49,22.88,196.11,0.8,2021-03-18 12:06:18
1542,42.238.249.*,China Unicom Liaoning,"China,Henan,Jiaozuo",107.76,8.54,194.57,2.53,2021-03-18 12:05:37
1544,122.236.186.*,China Telecom,"China,Zhejiang,Shanhu",2.66,2.6,277.5,1116.04,2021-03-18 11:55:05
1545,101.83.208.*,China Telecom Shanghai,"China,Shanghai,Shanghai",3.56,16.32,181.11,103.43,2021-03-18 11:54:10
1546,58.20.75.*,China Unicom Liaoning,"China,Hunan,Changsha",131.82,26.83,222.38,0.73,2021-03-18 11:46:28
1547,101.230.253.*,China Telecom Shanghai,"China,Shanghai,Shanghai",64.73,74.88,204.48,2.38,2021-03-18 11:25:04
1549,219.140.143.*,China Telecom,"China,Beijing,Beijing",0.4,35.23,209.19,257.16,2021-03-18 11:16:09
1552,103.1.153.*,GigsGigs Network Services,"Hong Kong,Central and Western District,Central",38.43,58.3,226.7,2.47,2021-03-18 11:08:07
1553,54.145.219.*,Amazon.com,"United States,Virginia,Ashburn",42.68,10.74,338.98,12.87,2021-03-18 11:07:17
1554,223.104.131.*,China Mobile,"China,Hunan,Changsha",39.12,4.77,261.8,14.19,2021-03-18 11:05:47
1555,52.184.25.*,Microsoft Azure,"Hong Kong,Central and Western District,Central",54.09,59.88,583.91,155.7,2021-03-18 10:39:03
1557,183.25.65.*,CHINATELECOM Guangdong province Shaoguan 5G networ,"China,Guangdong,Huizhou",2.49,13.81,192.54,381.47,2021-03-18 10:28:57
1558,119.31.189.*,AboveNet Communications Taiwan,"Taiwan,New Taipei,New Taipei",163.13,114.8,210.18,0.5,2021-03-18 10:28:45
1560,219.138.77.*,China Telecom,"China,,",53.37,5.13,224.45,0.76,2021-03-18 10:07:55
1561,117.175.30.*,China Mobile Guangdong,"China,Sichuan,Chengdu",0.51,0.65,248.53,1076.2,2021-03-18 10:06:46
1562,123.138.113.*,China Unicom Liaoning,"China,Shaanxi,Shangzhen",93.24,26.76,205.67,0.69,2021-03-18 10:05:48
1563,58.32.35.*,China Telecom Shanghai,"China,Shanghai,Shanghai",445.73,77.24,202.77,0.46,2021-03-18 09:55:34
1564,80.251.220.*,Fiber-logic,"United States,California,Los Angeles",657.31,28.5,172.67,4.59,2021-03-18 09:54:05
1565,40.83.96.*,Microsoft Azure,"Hong Kong,Central and Western District,Central",171.55,98.9,531.9,86.14,2021-03-18 09:41:14
1568,104.192.108.*,Beijing Qihu Technology Company Limited,"United States,,",98.04,335.43,204.77,8.82,2021-03-18 09:34:27
1569,116.246.17.*,China Telecom Shanghai,"China,Shanghai,Shanghai",16.27,193.17,188.57,0.8,2021-03-18 09:14:30
1572,13.213.2.*,Amazon.com,"Singapore,,Singapore",72.64,73.63,290.59,2.68,2021-03-18 08:52:37
1574,120.0.24.*,China Unicom Liaoning,"China,,",33.67,9.13,263.19,86.56,2021-03-18 08:24:07
1575,103.79.79.*,QuadraNet,"United States,California,",71.91,53.75,219.01,0.83,2021-03-18 08:15:09
1576,118.254.8.*,China Telecom,"China,Hunan,Changsha",29.29,33.36,206.47,0.55,2021-03-18 08:14:58
1577,125.33.99.*,China Unicom Beijing,"China,Beijing,Beijing",161.25,32.0,196.0,2.1,2021-03-18 07:34:39
1578,124.77.177.*,China Telecom Shanghai,"China,Shanghai,Shanghai",177.67,4.93,231.0,72.64,2021-03-18 07:29:53
1579,183.128.165.*,China Telecom,"China,Zhejiang,Hangzhou",386.46,25.45,205.38,0.91,2021-03-18 06:16:29
1580,58.249.110.*,China Unicom Guangzhou,"China,Guangdong,Guangzhou",39.2,4.23,242.7,7.38,2021-03-18 05:25:23
1581,113.85.218.*,CHINATELECOM Guangdong province Chaozhou 5G networ,"China,Guangdong,Gaoyao",31.98,19.38,210.3,0.61,2021-03-18 04:53:48
1584,113.118.8.*,China Telecom,"China,Guangdong,Guangzhou",273.94,23.53,186.96,2.53,2021-03-18 03:01:20
1586,115.221.73.*,China Telecom,"China,Zhejiang,Wenzhou",125.6,26.47,201.0,36.07,2021-03-18 01:57:34
1587,89.208.246.*,IT7 Networks,"United States,California,Los Angeles",192.1,4.59,173.79,2.31,2021-03-18 01:28:39
1588,58.41.31.*,China Telecom Shanghai,"China,,",240.82,91.47,182.74,1.02,2021-03-18 01:26:13
1589,103.116.47.*,Jinx Co. Limited,"Hong Kong,Central and Western District,Central",163.0,117.24,209.76,2.38,2021-03-18 01:24:07
1590,36.249.48.*,China Unicom Liaoning,"China,Shanghai,Xuhui",43.85,8.38,218.27,0.39,2021-03-18 01:21:49
1593,125.67.151.*,China Telecom,"China,Beijing,Beijing",0.46,37.45,247.0,356.66,2021-03-18 00:29:27
1594,122.9.51.*,Hongkong TKO Datacenter,"China,,",0.7,0.58,204.54,0.73,2021-03-18 00:28:42
1595,89.163.220.*,myLoc managed IT AG,"Germany,North Rhine-Westphalia,Düsseldorf",49.29,55.49,318.95,36.3,2021-03-18 00:11:23
1596,45.142.159.*,Unknown,"United States,,",80.31,31.26,238.04,7.86,2021-03-18 00:01:48
1597,223.73.197.*,China Mobile,"China,Guangdong,Guangzhou",0.48,28.58,220.07,578.67,2021-03-18 00:00:49
1601,203.218.97.*,Netvigator,"Hong Kong,Central and Western District,Central",31.02,46.73,228.44,48.2,2021-03-17 23:53:34
1602,183.220.45.*,China Mobile Guangdong,"China,Sichuan,Chengdu",0.46,23.62,257.02,735.98,2021-03-17 23:52:30
1603,1.12.21.*,Tencent cloud computing,"China,,",1.63,99.54,224.27,145.64,2021-03-17 23:51:21
1605,14.120.133.*,China Telecom Guangdong province Dongguan MAN netw,"China,Guangdong,Dongguan",0.56,10.62,200.0,180.78,2021-03-17 23:39:39
1608,149.129.90.*,Alibaba,"China,Beijing,Beijing",24.72,2.5,212.6,2.31,2021-03-17 23:26:09
1609,111.177.100.*,China Telecom,"China,Hubei,Xiangfan",4.12,18.0,224.7,1336.54,2021-03-17 23:22:26
1610,101.93.176.*,China Telecom Shanghai,"China,Shanghai,Shanghai",57.58,8.42,179.52,30.39,2021-03-17 23:20:53
1611,218.251.113.*,K-Opticom Corporation,"Japan,Hyōgo,Nishinomiya",79.81,70.1,256.98,3.55,2021-03-17 23:06:51
1612,27.38.252.*,China Unicom Shenzen,"China,Shanghai,Shanghai",1.34,0.61,266.53,2.36,2021-03-17 22:45:40
1613,116.192.169.*,China Telecom Shanghai,"China,,",3.03,142.09,241.68,2.62,2021-03-17 22:39:53
1614,119.5.46.*,China Unicom Liaoning,"China,Sichuan,",2.12,21.72,271.08,50.58,2021-03-17 22:34:18
1615,202.66.38.*,CITIC Telecom International CPC Limited,"Hong Kong,,",32.53,15.77,207.18,0.91,2021-03-17 22:14:29
1616,39.149.13.*,"Henan Mobile Communications Co.,Ltd","China,Henan,Zhengzhou",0.12,95.35,237.0,1121.64,2021-03-17 22:06:45
1617,129.227.156.*,Zenlayer,"Hong Kong,,",21.57,41.19,238.85,132.58,2021-03-17 22:01:19
1619,120.245.110.*,China Mobile,"China,Beijing,Beijing",0.44,26.34,213.09,1450.63,2021-03-17 21:55:42
1620,204.124.180.*,Fiber-logic,"Japan,Ōsaka,Osaka",49.69,17.64,248.0,36.45,2021-03-17 21:53:09
1621,173.82.8.*,Multacom Corporation,"United States,,",24.54,9.06,285.51,189.13,2021-03-17 21:52:10
1622,129.226.170.*,Tencent cloud computing,"Hong Kong,Central and Western District,Central",37.22,5.79,593.29,13.34,2021-03-17 21:32:15
1623,103.138.53.*,Kirino LLC,"Hong Kong,Central and Western District,Central",538.3,41.97,213.2,4.4,2021-03-17 21:31:19
1625,222.240.95.*,China Telecom,"China,Hunan,Changsha",5.07,36.15,218.39,5.1,2021-03-17 17:45:03
1628,49.76.87.*,China Telecom,"China,Shanghai,Shanghai",2.54,48.72,203.61,304.04,2021-03-17 14:27:41
1631,45.148.8.*,Virtono Networks SRL,"United States,California,San Jose",83.59,29.91,221.28,0.81,2021-03-17 12:22:15
1632,107.174.240.*,ColoCrossing,"United States,,",51.79,27.71,270.91,0.84,2021-03-17 12:18:24
1633,101.75.64.*,China Unicom Liaoning,"China,Shanxi,Tangshan",2.4,10.8,228.03,18.75,2021-03-17 12:17:44
1635,153.122.66.*,GMO GlobalSign Holdings K.K.,"Japan,,",16.62,9.93,228.5,5.37,2021-03-17 12:02:16
1636,103.142.140.*,Kirino LLC,"Singapore,,Singapore",48.52,36.48,477.1,307.04,2021-03-17 11:54:34
1637,221.124.91.*,HGC Global Communications Limited,"Hong Kong,Central and Western District,Central",41.85,36.28,252.7,154.47,2021-03-17 11:52:40
1638,14.63.173.*,Korea Telecom,"South Korea,Gyeonggi-do,Seongnam-si",53.78,40.85,266.4,360.38,2021-03-17 11:17:24
1640,204.9.38.*,Spearware Networks LLC,"United States,Florida,Tampa",21.33,15.33,292.7,533.55,2021-03-17 11:10:04
1641,119.28.73.*,Tencent cloud computing,"Hong Kong,Central and Western District,Central",13.07,40.38,557.74,100.61,2021-03-17 11:08:56
1642,220.180.133.*,China Telecom,"China,Anhui,Wuhu",4.82,105.16,191.43,270.37,2021-03-17 11:02:40
1644,60.12.8.*,China Unicom Liaoning,"China,Zhejiang,Hangzhou",27.12,40.1,226.7,3.63,2021-03-17 10:43:28
1646,113.77.33.*,China Telecom Guangdong province Dongguan MAN netw,"China,Guangdong,Dongguan",8.5,38.23,287.0,21.67,2021-03-17 10:39:53
1647,210.22.54.*,China Unicom Liaoning,"China,,",176.97,5.17,215.5,1.43,2021-03-17 10:38:26
1648,111.187.47.*,China Education and Research Network Center,"China,,",67.78,53.75,237.03,63.4,2021-03-17 10:34:36
1649,183.157.83.*,China Telecom,"China,Zhejiang,Hangzhou",1.36,31.36,179.63,1.8,2021-03-17 10:31:42
1651,113.227.184.*,China Unicom Liaoning,"China,Liaoning,Dalian",16.45,3.72,219.76,7.41,2021-03-17 10:19:12
1653,115.134.128.*,TM Net,"Malaysia,Johor,Johor Bahru",33.97,69.27,763.12,159.48,2021-03-17 10:16:51
1654,113.119.108.*,China Telecom Guangdong province Guangzhou MAN net,"China,Guangdong,Guangzhou",55.69,123.48,203.26,105.45,2021-03-17 10:14:49
1655,203.252.33.*,SungKyunKwan University (SKKU),"South Korea,Gyeonggi-do,Suwon",41.18,7.7,174.25,2.18,2021-03-17 10:13:13
